Article no.;module_type
104034;mechanical
104049;mechanical
104797;mechanical
122459;mechanical
122853;mechanical
122913;mechanical
130905;mechanical
131092;mechanical
131097;mechanical
131581;mechanical
132864;mechanical
134212;mechanical
135068;mechanical
139597;mechanical
104049;mechanical
104049;mechanical
106524;mechanical
115882;mechanical
124077;mechanical
127842;mechanical
127843;mechanical
127844;mechanical
131221;mechanical
133119;mechanical
100934;mechanical
104043;mechanical
104205;mechanical
104884;mechanical
105891;mechanical
106524;mechanical
108366;mechanical
123364;mechanical
123366;mechanical
127393;mechanical
127852;mechanical
127853;mechanical
127854;mechanical
129324;mechanical
129337;mechanical
104034;mechanical
106229;mechanical
129501;mechanical
129967;mechanical
131096;mechanical
131111;mechanical
131779;mechanical
132858;mechanical
132863;mechanical
133623;mechanical
139117;mechanical
104049;mechanical
106523;mechanical
106685;mechanical
115885;mechanical
126543;mechanical
127375;mechanical
127420;mechanical
127569;mechanical
132619;mechanical
133820;mechanical
127054;mechanical
130821;mechanical
130861;mechanical
133259;mechanical
142780;mechanical
104034;mechanical
115891;mechanical
115892;mechanical
127371;mechanical
129200;mechanical
109557;mechanical
127106;mechanical
130821;mechanical
130862;mechanical
132530;mechanical
133046;mechanical
104049;mechanical
104945;mechanical
106229;mechanical
130790;mechanical
131342;mechanical
129965;mechanical
130531;mechanical
130679;mechanical
130791;mechanical
130796;mechanical
132508;mechanical
132530;mechanical
125724;mechanical
129963;mechanical
134466;mechanical
127809;mechanical
127810;mechanical
132878;mechanical
104034;mechanical
104049;mechanical
104797;mechanical
122459;mechanical
122853;mechanical
122913;mechanical
130905;mechanical
131090;mechanical
131092;mechanical
131097;mechanical
131580;mechanical
131581;mechanical
134212;mechanical
135068;mechanical
139597;mechanical
104049;mechanical
104049;mechanical
106524;mechanical
115882;mechanical
124077;mechanical
127842;mechanical
127843;mechanical
127844;mechanical
131221;mechanical
133119;mechanical
100934;mechanical
104043;mechanical
104205;mechanical
104884;mechanical
105891;mechanical
106524;mechanical
108366;mechanical
123364;mechanical
123366;mechanical
127393;mechanical
127852;mechanical
127853;mechanical
127854;mechanical
129324;mechanical
129337;mechanical
104049;mechanical
104049;mechanical
106524;mechanical
115882;mechanical
124077;mechanical
127842;mechanical
127843;mechanical
127844;mechanical
131221;mechanical
133119;mechanical
100934;mechanical
104043;mechanical
104205;mechanical
104884;mechanical
105891;mechanical
106524;mechanical
108366;mechanical
123364;mechanical
123366;mechanical
127393;mechanical
127852;mechanical
127853;mechanical
127854;mechanical
129324;mechanical
129337;mechanical
104034;mechanical
106229;mechanical
127365;mechanical
129501;mechanical
129967;mechanical
131096;mechanical
131111;mechanical
131779;mechanical
132858;mechanical
133623;mechanical
139117;mechanical
104049;mechanical
106523;mechanical
106685;mechanical
115885;mechanical
126543;mechanical
127375;mechanical
127420;mechanical
127569;mechanical
132619;mechanical
133820;mechanical
127054;mechanical
127357;mechanical
130821;mechanical
130861;mechanical
142780;mechanical
104034;mechanical
115891;mechanical
115892;mechanical
127371;mechanical
129200;mechanical
109557;mechanical
127106;mechanical
130821;mechanical
130862;mechanical
132530;mechanical
133046;mechanical
104049;mechanical
104945;mechanical
106229;mechanical
130790;mechanical
131342;mechanical
129965;mechanical
130531;mechanical
130679;mechanical
130791;mechanical
130796;mechanical
132508;mechanical
132530;mechanical
125724;mechanical
129963;mechanical
134466;mechanical
127809;mechanical
127810;mechanical
132878;mechanical
104034;mechanical
104049;mechanical
104797;mechanical
122459;mechanical
122853;mechanical
122913;mechanical
130905;mechanical
131092;mechanical
131097;mechanical
131581;mechanical
134212;mechanical
135068;mechanical
139597;mechanical
144448;mechanical
104049;mechanical
104049;mechanical
106524;mechanical
115882;mechanical
124077;mechanical
127842;mechanical
127843;mechanical
127844;mechanical
131221;mechanical
133119;mechanical
100934;mechanical
104043;mechanical
104205;mechanical
104884;mechanical
105891;mechanical
106524;mechanical
108366;mechanical
123364;mechanical
123366;mechanical
127393;mechanical
127852;mechanical
127853;mechanical
127854;mechanical
129324;mechanical
129337;mechanical
104034;mechanical
106229;mechanical
129501;mechanical
131096;mechanical
131111;mechanical
131779;mechanical
132858;mechanical
133623;mechanical
142368;mechanical
144449;mechanical
104049;mechanical
106523;mechanical
106685;mechanical
115885;mechanical
126543;mechanical
127375;mechanical
127420;mechanical
127569;mechanical
132619;mechanical
133820;mechanical
127054;mechanical
130821;mechanical
133259;mechanical
142367;mechanical
142780;mechanical
104034;mechanical
115891;mechanical
115892;mechanical
127371;mechanical
129200;mechanical
109557;mechanical
127106;mechanical
130821;mechanical
130862;mechanical
133046;mechanical
139117;mechanical
104049;mechanical
104945;mechanical
106229;mechanical
131342;mechanical
142369;mechanical
129965;mechanical
130531;mechanical
130679;mechanical
130791;mechanical
130796;mechanical
132508;mechanical
139117;mechanical
125724;mechanical
129963;mechanical
134466;mechanical
127809;mechanical
127810;mechanical
132878;mechanical
104034;mechanical
104049;mechanical
104797;mechanical
122459;mechanical
122853;mechanical
122913;mechanical
130905;mechanical
131092;mechanical
131097;mechanical
131580;mechanical
131581;mechanical
134212;mechanical
135068;mechanical
139597;mechanical
142365;mechanical
104049;mechanical
104049;mechanical
106524;mechanical
115882;mechanical
124077;mechanical
127842;mechanical
127843;mechanical
127844;mechanical
131221;mechanical
133119;mechanical
100934;mechanical
104043;mechanical
104205;mechanical
104884;mechanical
105891;mechanical
106524;mechanical
108366;mechanical
123364;mechanical
123366;mechanical
127393;mechanical
127852;mechanical
127853;mechanical
127854;mechanical
129324;mechanical
129337;mechanical
104049;mechanical
104049;mechanical
106524;mechanical
115882;mechanical
124077;mechanical
127842;mechanical
127843;mechanical
127844;mechanical
131221;mechanical
133119;mechanical
100934;mechanical
104043;mechanical
104205;mechanical
104884;mechanical
105891;mechanical
106524;mechanical
108366;mechanical
123364;mechanical
123366;mechanical
127393;mechanical
127852;mechanical
127853;mechanical
127854;mechanical
129324;mechanical
129337;mechanical
104034;mechanical
106229;mechanical
129501;mechanical
131096;mechanical
131111;mechanical
131779;mechanical
132858;mechanical
133623;mechanical
142366;mechanical
142368;mechanical
104049;mechanical
106523;mechanical
106685;mechanical
115885;mechanical
126543;mechanical
127375;mechanical
127420;mechanical
127569;mechanical
132619;mechanical
133820;mechanical
127054;mechanical
127357;mechanical
130821;mechanical
142367;mechanical
142780;mechanical
104034;mechanical
115891;mechanical
115892;mechanical
127371;mechanical
129200;mechanical
109557;mechanical
127106;mechanical
130821;mechanical
130862;mechanical
133046;mechanical
139117;mechanical
104049;mechanical
104945;mechanical
106229;mechanical
131342;mechanical
142369;mechanical
129965;mechanical
130531;mechanical
130679;mechanical
130791;mechanical
130796;mechanical
132508;mechanical
139117;mechanical
125724;mechanical
129963;mechanical
134466;mechanical
127809;mechanical
127810;mechanical
132878;mechanical
124097;hydraulic ct
128616;hydraulic ct
131321;hydraulic ct
131321;hydraulic ct
134127;hydraulic ct
134210;hydraulic ct
135379;hydraulic ct
135531;hydraulic ct
136078;hydraulic ct
136079;hydraulic ct
136092;hydraulic ct
136093;hydraulic ct
136094;hydraulic ct
136095;hydraulic ct
136096;hydraulic ct
136097;hydraulic ct
137431;hydraulic ct
137808;hydraulic ct
143114;hydraulic ct
143121;hydraulic ct
143176;hydraulic ct
103239;hydraulic ct
104034;hydraulic ct
104034;hydraulic ct
105049;hydraulic ct
106551;hydraulic ct
108366;hydraulic ct
119994;hydraulic ct
119994;hydraulic ct
122345;hydraulic ct
122345;hydraulic ct
125886;hydraulic ct
127135;hydraulic ct
127651;hydraulic ct
127651;hydraulic ct
128955;hydraulic ct
130380;hydraulic ct
131201;hydraulic ct
132021;hydraulic ct
134077;hydraulic ct
134464;hydraulic ct
135352;hydraulic ct
135364;hydraulic ct
135380;hydraulic ct
135384;hydraulic ct
136012;hydraulic ct
136070;hydraulic ct
136071;hydraulic ct
136072;hydraulic ct
136073;hydraulic ct
136074;hydraulic ct
136075;hydraulic ct
136318;hydraulic ct
140945;hydraulic ct
143175;hydraulic ct
104049;hydraulic ct
125742;hydraulic ct
129972;hydraulic ct
120564;hydraulic ct
123560;hydraulic ct
123561;hydraulic ct
123562;hydraulic ct
123980;hydraulic ct
101984;hydraulic ct
115953;hydraulic ct
116106;hydraulic ct
131712;hydraulic ct
105081;hydraulic ct
119633;hydraulic ct
125726;hydraulic ct
136072;hydraulic ct
140946;hydraulic ct
140947;hydraulic ct
141534;hydraulic ct
104788;hydraulic ct
106226;hydraulic ct
107286;hydraulic ct
123978;hydraulic ct
125438;hydraulic ct
130380;hydraulic ct
134385;hydraulic ct
134402;hydraulic ct
120555;hydraulic ct
123560;hydraulic ct
123561;hydraulic ct
123562;hydraulic ct
103236;hydraulic ct
104049;hydraulic ct
120694;hydraulic ct
125393;hydraulic ct
133220;hydraulic ct
133223;hydraulic ct
133643;hydraulic ct
102498;hydraulic ct
104049;hydraulic ct
104222;hydraulic ct
120694;hydraulic ct
127752;hydraulic ct
107944;hydraulic ct
118563;hydraulic ct
120257;hydraulic ct
120509;hydraulic ct
121464;hydraulic ct
121490;hydraulic ct
126303;hydraulic ct
126305;hydraulic ct
126306;hydraulic ct
128749;hydraulic ct
133555;hydraulic ct
104015;hydraulic
104049;hydraulic
124097;hydraulic
128615;hydraulic
128616;hydraulic
131321;hydraulic
131321;hydraulic
133169;hydraulic
134127;hydraulic
134210;hydraulic
134211;hydraulic
135292;hydraulic
135298;hydraulic
135299;hydraulic
135300;hydraulic
135348;hydraulic
135379;hydraulic
135531;hydraulic
136013;hydraulic
136058;hydraulic
136060;hydraulic
136062;hydraulic
136078;hydraulic
136079;hydraulic
136080;hydraulic
136082;hydraulic
136083;hydraulic
136089;hydraulic
136092;hydraulic
136093;hydraulic
136094;hydraulic
136095;hydraulic
136096;hydraulic
136097;hydraulic
136247;hydraulic
137808;hydraulic
140815;hydraulic
103239;hydraulic
104034;hydraulic
104034;hydraulic
104049;hydraulic
104049;hydraulic
104049;hydraulic
105049;hydraulic
105086;hydraulic
106551;hydraulic
108359;hydraulic
108366;hydraulic
120692;hydraulic
122345;hydraulic
122345;hydraulic
125870;hydraulic
125886;hydraulic
126398;hydraulic
126732;hydraulic
126753;hydraulic
127135;hydraulic
127651;hydraulic
127651;hydraulic
128462;hydraulic
128495;hydraulic
128955;hydraulic
129063;hydraulic
129972;hydraulic
130380;hydraulic
131201;hydraulic
132021;hydraulic
133043;hydraulic
133228;hydraulic
133260;hydraulic
134077;hydraulic
134464;hydraulic
135293;hydraulic
135297;hydraulic
135335;hydraulic
135352;hydraulic
135364;hydraulic
135380;hydraulic
135381;hydraulic
135384;hydraulic
135453;hydraulic
136012;hydraulic
136014;hydraulic
136065;hydraulic
136066;hydraulic
136068;hydraulic
136069;hydraulic
136070;hydraulic
136071;hydraulic
136072;hydraulic
136073;hydraulic
136074;hydraulic
136075;hydraulic
136076;hydraulic
136077;hydraulic
136090;hydraulic
136091;hydraulic
136164;hydraulic
136318;hydraulic
137370;hydraulic
139567;hydraulic
140945;hydraulic
104049;hydraulic
125742;hydraulic
129972;hydraulic
120564;hydraulic
123560;hydraulic
123561;hydraulic
123562;hydraulic
123980;hydraulic
127791;hydraulic
127809;hydraulic
127810;hydraulic
104049;hydraulic
108340;hydraulic
133070;hydraulic
134086;hydraulic
120564;hydraulic
123560;hydraulic
123561;hydraulic
123562;hydraulic
123980;hydraulic
120791;hydraulic
120792;hydraulic
127032;hydraulic
127784;hydraulic
127799;hydraulic
101984;hydraulic
115953;hydraulic
116106;hydraulic
131712;hydraulic
105081;hydraulic
119633;hydraulic
125726;hydraulic
136072;hydraulic
140946;hydraulic
140947;hydraulic
141534;hydraulic
104788;hydraulic
106226;hydraulic
107286;hydraulic
123978;hydraulic
125438;hydraulic
130380;hydraulic
134385;hydraulic
134402;hydraulic
120555;hydraulic
123560;hydraulic
123561;hydraulic
123562;hydraulic
103236;hydraulic
104049;hydraulic
120694;hydraulic
125393;hydraulic
133220;hydraulic
133223;hydraulic
133643;hydraulic
129074;hydraulic
135301;hydraulic
135302;hydraulic
135303;hydraulic
103236;hydraulic
104049;hydraulic
125393;hydraulic
128429;hydraulic
133219;hydraulic
133223;hydraulic
133643;hydraulic
104049;hydraulic
104063;hydraulic
105086;hydraulic
115398;hydraulic
125724;hydraulic
126732;hydraulic
126753;hydraulic
127651;hydraulic
135415;hydraulic
135454;hydraulic
135485;hydraulic
136084;hydraulic
136085;hydraulic
136086;hydraulic
136087;hydraulic
136088;hydraulic
136807;hydraulic
136934;hydraulic
136935;hydraulic
137199;hydraulic
140357;hydraulic
140362;hydraulic
104049;hydraulic
104783;hydraulic
120861;hydraulic
121409;hydraulic
125798;hydraulic
132598;hydraulic
137396;hydraulic
137439;hydraulic
140561;hydraulic
104049;hydraulic
119414;hydraulic
122272;hydraulic
124774;hydraulic
125718;hydraulic
127540;hydraulic
129972;hydraulic
130363;hydraulic
137198;hydraulic
120564;hydraulic
123560;hydraulic
123561;hydraulic
123562;hydraulic
123980;hydraulic
130613;hydraulic
131920;hydraulic
133458;hydraulic
100421;hydraulic
101957;hydraulic
103661;hydraulic
106703;hydraulic
127809;hydraulic
127810;hydraulic
132878;hydraulic
127791;hydraulic
127809;hydraulic
127810;hydraulic
102498;hydraulic
104049;hydraulic
104222;hydraulic
120694;hydraulic
127752;hydraulic
135422;hydraulic
107944;hydraulic
118563;hydraulic
120257;hydraulic
120509;hydraulic
121464;hydraulic
121490;hydraulic
126303;hydraulic
126305;hydraulic
126306;hydraulic
128749;hydraulic
133555;hydraulic
107944;hydraulic
120257;hydraulic
120509;hydraulic
120698;hydraulic
120889;hydraulic
120930;hydraulic
120931;hydraulic
121464;hydraulic
121490;hydraulic
121536;hydraulic
132067;hydraulic
104015;hydraulic 13a
104049;hydraulic 13a
124097;hydraulic 13a
128615;hydraulic 13a
128616;hydraulic 13a
131321;hydraulic 13a
131321;hydraulic 13a
133169;hydraulic 13a
134127;hydraulic 13a
134210;hydraulic 13a
134211;hydraulic 13a
135292;hydraulic 13a
135298;hydraulic 13a
135348;hydraulic 13a
136013;hydraulic 13a
136058;hydraulic 13a
136060;hydraulic 13a
136062;hydraulic 13a
136078;hydraulic 13a
136079;hydraulic 13a
136080;hydraulic 13a
136082;hydraulic 13a
136083;hydraulic 13a
136089;hydraulic 13a
136092;hydraulic 13a
136093;hydraulic 13a
136094;hydraulic 13a
136095;hydraulic 13a
136096;hydraulic 13a
136097;hydraulic 13a
136247;hydraulic 13a
136247;hydraulic 13a
137808;hydraulic 13a
138885;hydraulic 13a
138887;hydraulic 13a
138888;hydraulic 13a
138889;hydraulic 13a
140815;hydraulic 13a
103239;hydraulic 13a
104034;hydraulic 13a
104034;hydraulic 13a
104049;hydraulic 13a
104049;hydraulic 13a
104049;hydraulic 13a
105049;hydraulic 13a
105086;hydraulic 13a
106551;hydraulic 13a
108359;hydraulic 13a
108366;hydraulic 13a
120692;hydraulic 13a
122345;hydraulic 13a
122345;hydraulic 13a
125870;hydraulic 13a
125886;hydraulic 13a
126398;hydraulic 13a
126732;hydraulic 13a
126753;hydraulic 13a
127135;hydraulic 13a
127651;hydraulic 13a
127651;hydraulic 13a
128462;hydraulic 13a
128495;hydraulic 13a
128955;hydraulic 13a
129063;hydraulic 13a
129972;hydraulic 13a
130380;hydraulic 13a
131201;hydraulic 13a
132021;hydraulic 13a
133043;hydraulic 13a
133228;hydraulic 13a
133260;hydraulic 13a
134077;hydraulic 13a
134464;hydraulic 13a
135293;hydraulic 13a
135297;hydraulic 13a
135335;hydraulic 13a
135352;hydraulic 13a
135364;hydraulic 13a
135380;hydraulic 13a
135381;hydraulic 13a
135384;hydraulic 13a
135453;hydraulic 13a
136012;hydraulic 13a
136014;hydraulic 13a
136065;hydraulic 13a
136066;hydraulic 13a
136068;hydraulic 13a
136069;hydraulic 13a
136070;hydraulic 13a
136071;hydraulic 13a
136072;hydraulic 13a
136073;hydraulic 13a
136074;hydraulic 13a
136075;hydraulic 13a
136076;hydraulic 13a
136077;hydraulic 13a
136090;hydraulic 13a
136091;hydraulic 13a
136164;hydraulic 13a
136318;hydraulic 13a
137370;hydraulic 13a
139567;hydraulic 13a
140945;hydraulic 13a
104049;hydraulic 13a
125742;hydraulic 13a
129972;hydraulic 13a
120564;hydraulic 13a
123560;hydraulic 13a
123561;hydraulic 13a
123562;hydraulic 13a
123980;hydraulic 13a
127791;hydraulic 13a
127809;hydraulic 13a
127810;hydraulic 13a
104049;hydraulic 13a
108340;hydraulic 13a
133070;hydraulic 13a
134086;hydraulic 13a
120564;hydraulic 13a
123560;hydraulic 13a
123561;hydraulic 13a
123562;hydraulic 13a
123980;hydraulic 13a
120791;hydraulic 13a
120792;hydraulic 13a
127032;hydraulic 13a
127784;hydraulic 13a
127799;hydraulic 13a
101984;hydraulic 13a
115953;hydraulic 13a
116106;hydraulic 13a
131712;hydraulic 13a
105081;hydraulic 13a
119633;hydraulic 13a
125726;hydraulic 13a
136072;hydraulic 13a
140946;hydraulic 13a
140947;hydraulic 13a
141534;hydraulic 13a
104788;hydraulic 13a
106226;hydraulic 13a
107286;hydraulic 13a
123978;hydraulic 13a
125438;hydraulic 13a
130380;hydraulic 13a
134385;hydraulic 13a
136748;hydraulic 13a
120555;hydraulic 13a
123560;hydraulic 13a
123561;hydraulic 13a
123562;hydraulic 13a
103236;hydraulic 13a
104049;hydraulic 13a
120694;hydraulic 13a
125393;hydraulic 13a
133220;hydraulic 13a
133223;hydraulic 13a
133643;hydraulic 13a
129074;hydraulic 13a
135301;hydraulic 13a
135302;hydraulic 13a
136749;hydraulic 13a
103236;hydraulic 13a
104049;hydraulic 13a
125393;hydraulic 13a
128429;hydraulic 13a
133219;hydraulic 13a
133223;hydraulic 13a
133643;hydraulic 13a
104049;hydraulic 13a
104063;hydraulic 13a
105086;hydraulic 13a
115398;hydraulic 13a
125724;hydraulic 13a
126732;hydraulic 13a
126753;hydraulic 13a
127651;hydraulic 13a
135415;hydraulic 13a
135454;hydraulic 13a
135485;hydraulic 13a
136084;hydraulic 13a
136085;hydraulic 13a
136086;hydraulic 13a
136087;hydraulic 13a
136088;hydraulic 13a
136807;hydraulic 13a
136934;hydraulic 13a
136935;hydraulic 13a
137199;hydraulic 13a
140357;hydraulic 13a
140362;hydraulic 13a
104049;hydraulic 13a
104783;hydraulic 13a
120861;hydraulic 13a
121409;hydraulic 13a
125798;hydraulic 13a
132598;hydraulic 13a
137396;hydraulic 13a
137439;hydraulic 13a
140561;hydraulic 13a
104049;hydraulic 13a
119414;hydraulic 13a
122272;hydraulic 13a
124774;hydraulic 13a
125718;hydraulic 13a
127540;hydraulic 13a
129972;hydraulic 13a
130363;hydraulic 13a
137198;hydraulic 13a
120564;hydraulic 13a
123560;hydraulic 13a
123561;hydraulic 13a
123562;hydraulic 13a
123980;hydraulic 13a
130613;hydraulic 13a
131920;hydraulic 13a
133458;hydraulic 13a
100421;hydraulic 13a
101957;hydraulic 13a
103661;hydraulic 13a
106703;hydraulic 13a
127809;hydraulic 13a
127810;hydraulic 13a
132878;hydraulic 13a
127791;hydraulic 13a
127809;hydraulic 13a
127810;hydraulic 13a
102498;hydraulic 13a
104049;hydraulic 13a
104222;hydraulic 13a
120694;hydraulic 13a
127752;hydraulic 13a
135422;hydraulic 13a
107944;hydraulic 13a
118563;hydraulic 13a
120257;hydraulic 13a
120509;hydraulic 13a
121464;hydraulic 13a
121490;hydraulic 13a
126303;hydraulic 13a
126305;hydraulic 13a
126306;hydraulic 13a
128749;hydraulic 13a
133555;hydraulic 13a
107944;hydraulic 13a
120257;hydraulic 13a
120509;hydraulic 13a
120698;hydraulic 13a
120889;hydraulic 13a
120930;hydraulic 13a
120931;hydraulic 13a
121464;hydraulic 13a
121490;hydraulic 13a
121536;hydraulic 13a
132067;hydraulic 13a
135291;hydraulic ut
137408;hydraulic ut
104015;hydraulic ut
104049;hydraulic ut
124097;hydraulic ut
128615;hydraulic ut
128616;hydraulic ut
131321;hydraulic ut
131321;hydraulic ut
133169;hydraulic ut
134127;hydraulic ut
134210;hydraulic ut
134211;hydraulic ut
135292;hydraulic ut
135298;hydraulic ut
135299;hydraulic ut
135300;hydraulic ut
135348;hydraulic ut
135379;hydraulic ut
135531;hydraulic ut
136013;hydraulic ut
136058;hydraulic ut
136060;hydraulic ut
136062;hydraulic ut
136078;hydraulic ut
136079;hydraulic ut
136080;hydraulic ut
136082;hydraulic ut
136083;hydraulic ut
136089;hydraulic ut
136092;hydraulic ut
136093;hydraulic ut
136094;hydraulic ut
136095;hydraulic ut
136096;hydraulic ut
136097;hydraulic ut
136247;hydraulic ut
137808;hydraulic ut
140815;hydraulic ut
103239;hydraulic ut
104034;hydraulic ut
104034;hydraulic ut
104049;hydraulic ut
104049;hydraulic ut
104049;hydraulic ut
105049;hydraulic ut
105086;hydraulic ut
106551;hydraulic ut
108359;hydraulic ut
108366;hydraulic ut
120692;hydraulic ut
122345;hydraulic ut
122345;hydraulic ut
125870;hydraulic ut
125886;hydraulic ut
126398;hydraulic ut
126732;hydraulic ut
126753;hydraulic ut
127135;hydraulic ut
127651;hydraulic ut
127651;hydraulic ut
128462;hydraulic ut
128495;hydraulic ut
128955;hydraulic ut
129063;hydraulic ut
129972;hydraulic ut
130380;hydraulic ut
131201;hydraulic ut
132021;hydraulic ut
133043;hydraulic ut
133228;hydraulic ut
133260;hydraulic ut
134077;hydraulic ut
134464;hydraulic ut
135293;hydraulic ut
135297;hydraulic ut
135335;hydraulic ut
135352;hydraulic ut
135364;hydraulic ut
135380;hydraulic ut
135381;hydraulic ut
135384;hydraulic ut
135453;hydraulic ut
136012;hydraulic ut
136014;hydraulic ut
136065;hydraulic ut
136066;hydraulic ut
136068;hydraulic ut
136069;hydraulic ut
136070;hydraulic ut
136071;hydraulic ut
136072;hydraulic ut
136073;hydraulic ut
136074;hydraulic ut
136075;hydraulic ut
136076;hydraulic ut
136077;hydraulic ut
136090;hydraulic ut
136091;hydraulic ut
136164;hydraulic ut
136318;hydraulic ut
137370;hydraulic ut
139567;hydraulic ut
140945;hydraulic ut
104049;hydraulic ut
125742;hydraulic ut
129972;hydraulic ut
120564;hydraulic ut
123560;hydraulic ut
123561;hydraulic ut
123562;hydraulic ut
123980;hydraulic ut
127791;hydraulic ut
127809;hydraulic ut
127810;hydraulic ut
104049;hydraulic ut
108340;hydraulic ut
133070;hydraulic ut
134086;hydraulic ut
120564;hydraulic ut
123560;hydraulic ut
123561;hydraulic ut
123562;hydraulic ut
123980;hydraulic ut
120791;hydraulic ut
120792;hydraulic ut
127032;hydraulic ut
127784;hydraulic ut
127799;hydraulic ut
101984;hydraulic ut
115953;hydraulic ut
116106;hydraulic ut
131712;hydraulic ut
105081;hydraulic ut
119633;hydraulic ut
125726;hydraulic ut
136072;hydraulic ut
140946;hydraulic ut
140947;hydraulic ut
141534;hydraulic ut
104788;hydraulic ut
106226;hydraulic ut
107286;hydraulic ut
123978;hydraulic ut
125438;hydraulic ut
130380;hydraulic ut
134385;hydraulic ut
134402;hydraulic ut
120555;hydraulic ut
123560;hydraulic ut
123561;hydraulic ut
123562;hydraulic ut
103236;hydraulic ut
104049;hydraulic ut
120694;hydraulic ut
125393;hydraulic ut
133220;hydraulic ut
133223;hydraulic ut
133643;hydraulic ut
129074;hydraulic ut
135301;hydraulic ut
135302;hydraulic ut
135303;hydraulic ut
103236;hydraulic ut
104049;hydraulic ut
125393;hydraulic ut
128429;hydraulic ut
133219;hydraulic ut
133223;hydraulic ut
133643;hydraulic ut
104049;hydraulic ut
104063;hydraulic ut
105086;hydraulic ut
115398;hydraulic ut
125724;hydraulic ut
126732;hydraulic ut
126753;hydraulic ut
127651;hydraulic ut
135415;hydraulic ut
135454;hydraulic ut
135485;hydraulic ut
136084;hydraulic ut
136085;hydraulic ut
136086;hydraulic ut
136087;hydraulic ut
136088;hydraulic ut
136807;hydraulic ut
136934;hydraulic ut
136935;hydraulic ut
137199;hydraulic ut
140357;hydraulic ut
140362;hydraulic ut
104049;hydraulic ut
104783;hydraulic ut
120861;hydraulic ut
121409;hydraulic ut
125798;hydraulic ut
132598;hydraulic ut
137396;hydraulic ut
137439;hydraulic ut
140561;hydraulic ut
104049;hydraulic ut
119414;hydraulic ut
122272;hydraulic ut
124774;hydraulic ut
125718;hydraulic ut
127540;hydraulic ut
129972;hydraulic ut
130363;hydraulic ut
137198;hydraulic ut
120564;hydraulic ut
123560;hydraulic ut
123561;hydraulic ut
123562;hydraulic ut
123980;hydraulic ut
130613;hydraulic ut
131920;hydraulic ut
133458;hydraulic ut
100421;hydraulic ut
101957;hydraulic ut
103661;hydraulic ut
106703;hydraulic ut
127809;hydraulic ut
127810;hydraulic ut
132878;hydraulic ut
127791;hydraulic ut
127809;hydraulic ut
127810;hydraulic ut
102498;hydraulic ut
104049;hydraulic ut
104222;hydraulic ut
120694;hydraulic ut
127752;hydraulic ut
135422;hydraulic ut
107944;hydraulic ut
118563;hydraulic ut
120257;hydraulic ut
120509;hydraulic ut
121464;hydraulic ut
121490;hydraulic ut
126303;hydraulic ut
126305;hydraulic ut
126306;hydraulic ut
128749;hydraulic ut
133555;hydraulic ut
107944;hydraulic ut
120257;hydraulic ut
120509;hydraulic ut
120698;hydraulic ut
120889;hydraulic ut
120930;hydraulic ut
120931;hydraulic ut
121464;hydraulic ut
121490;hydraulic ut
121536;hydraulic ut
132067;hydraulic ut
137408;hydraulic 13a ut
138890;hydraulic 13a ut
104015;hydraulic 13a ut
104049;hydraulic 13a ut
124097;hydraulic 13a ut
128615;hydraulic 13a ut
128616;hydraulic 13a ut
131321;hydraulic 13a ut
131321;hydraulic 13a ut
133169;hydraulic 13a ut
134127;hydraulic 13a ut
134210;hydraulic 13a ut
134211;hydraulic 13a ut
135292;hydraulic 13a ut
135298;hydraulic 13a ut
135348;hydraulic 13a ut
136013;hydraulic 13a ut
136058;hydraulic 13a ut
136060;hydraulic 13a ut
136062;hydraulic 13a ut
136078;hydraulic 13a ut
136079;hydraulic 13a ut
136080;hydraulic 13a ut
136082;hydraulic 13a ut
136083;hydraulic 13a ut
136089;hydraulic 13a ut
136092;hydraulic 13a ut
136093;hydraulic 13a ut
136094;hydraulic 13a ut
136095;hydraulic 13a ut
136096;hydraulic 13a ut
136097;hydraulic 13a ut
136247;hydraulic 13a ut
136247;hydraulic 13a ut
137808;hydraulic 13a ut
138885;hydraulic 13a ut
138887;hydraulic 13a ut
138888;hydraulic 13a ut
138889;hydraulic 13a ut
140815;hydraulic 13a ut
103239;hydraulic 13a ut
104034;hydraulic 13a ut
104034;hydraulic 13a ut
104049;hydraulic 13a ut
104049;hydraulic 13a ut
104049;hydraulic 13a ut
105049;hydraulic 13a ut
105086;hydraulic 13a ut
106551;hydraulic 13a ut
108359;hydraulic 13a ut
108366;hydraulic 13a ut
120692;hydraulic 13a ut
122345;hydraulic 13a ut
122345;hydraulic 13a ut
125870;hydraulic 13a ut
125886;hydraulic 13a ut
126398;hydraulic 13a ut
126732;hydraulic 13a ut
126753;hydraulic 13a ut
127135;hydraulic 13a ut
127651;hydraulic 13a ut
127651;hydraulic 13a ut
128462;hydraulic 13a ut
128495;hydraulic 13a ut
128955;hydraulic 13a ut
129063;hydraulic 13a ut
129972;hydraulic 13a ut
130380;hydraulic 13a ut
131201;hydraulic 13a ut
132021;hydraulic 13a ut
133043;hydraulic 13a ut
133228;hydraulic 13a ut
133260;hydraulic 13a ut
134077;hydraulic 13a ut
134464;hydraulic 13a ut
135293;hydraulic 13a ut
135297;hydraulic 13a ut
135335;hydraulic 13a ut
135352;hydraulic 13a ut
135364;hydraulic 13a ut
135380;hydraulic 13a ut
135381;hydraulic 13a ut
135384;hydraulic 13a ut
135453;hydraulic 13a ut
136012;hydraulic 13a ut
136014;hydraulic 13a ut
136065;hydraulic 13a ut
136066;hydraulic 13a ut
136068;hydraulic 13a ut
136069;hydraulic 13a ut
136070;hydraulic 13a ut
136071;hydraulic 13a ut
136072;hydraulic 13a ut
136073;hydraulic 13a ut
136074;hydraulic 13a ut
136075;hydraulic 13a ut
136076;hydraulic 13a ut
136077;hydraulic 13a ut
136090;hydraulic 13a ut
136091;hydraulic 13a ut
136164;hydraulic 13a ut
136318;hydraulic 13a ut
137370;hydraulic 13a ut
139567;hydraulic 13a ut
140945;hydraulic 13a ut
104049;hydraulic 13a ut
125742;hydraulic 13a ut
129972;hydraulic 13a ut
120564;hydraulic 13a ut
123560;hydraulic 13a ut
123561;hydraulic 13a ut
123562;hydraulic 13a ut
123980;hydraulic 13a ut
127791;hydraulic 13a ut
127809;hydraulic 13a ut
127810;hydraulic 13a ut
104049;hydraulic 13a ut
108340;hydraulic 13a ut
133070;hydraulic 13a ut
134086;hydraulic 13a ut
120564;hydraulic 13a ut
123560;hydraulic 13a ut
123561;hydraulic 13a ut
123562;hydraulic 13a ut
123980;hydraulic 13a ut
120791;hydraulic 13a ut
120792;hydraulic 13a ut
127032;hydraulic 13a ut
127784;hydraulic 13a ut
127799;hydraulic 13a ut
101984;hydraulic 13a ut
115953;hydraulic 13a ut
116106;hydraulic 13a ut
131712;hydraulic 13a ut
105081;hydraulic 13a ut
119633;hydraulic 13a ut
125726;hydraulic 13a ut
136072;hydraulic 13a ut
140946;hydraulic 13a ut
140947;hydraulic 13a ut
141534;hydraulic 13a ut
104788;hydraulic 13a ut
106226;hydraulic 13a ut
107286;hydraulic 13a ut
123978;hydraulic 13a ut
125438;hydraulic 13a ut
130380;hydraulic 13a ut
134385;hydraulic 13a ut
136748;hydraulic 13a ut
120555;hydraulic 13a ut
123560;hydraulic 13a ut
123561;hydraulic 13a ut
123562;hydraulic 13a ut
103236;hydraulic 13a ut
104049;hydraulic 13a ut
120694;hydraulic 13a ut
125393;hydraulic 13a ut
133220;hydraulic 13a ut
133223;hydraulic 13a ut
133643;hydraulic 13a ut
129074;hydraulic 13a ut
135301;hydraulic 13a ut
135302;hydraulic 13a ut
136749;hydraulic 13a ut
103236;hydraulic 13a ut
104049;hydraulic 13a ut
125393;hydraulic 13a ut
128429;hydraulic 13a ut
133219;hydraulic 13a ut
133223;hydraulic 13a ut
133643;hydraulic 13a ut
104049;hydraulic 13a ut
104063;hydraulic 13a ut
105086;hydraulic 13a ut
115398;hydraulic 13a ut
125724;hydraulic 13a ut
126732;hydraulic 13a ut
126753;hydraulic 13a ut
127651;hydraulic 13a ut
135415;hydraulic 13a ut
135454;hydraulic 13a ut
135485;hydraulic 13a ut
136084;hydraulic 13a ut
136085;hydraulic 13a ut
136086;hydraulic 13a ut
136087;hydraulic 13a ut
136088;hydraulic 13a ut
136807;hydraulic 13a ut
136934;hydraulic 13a ut
136935;hydraulic 13a ut
137199;hydraulic 13a ut
140357;hydraulic 13a ut
140362;hydraulic 13a ut
104049;hydraulic 13a ut
104783;hydraulic 13a ut
120861;hydraulic 13a ut
121409;hydraulic 13a ut
125798;hydraulic 13a ut
132598;hydraulic 13a ut
137396;hydraulic 13a ut
137439;hydraulic 13a ut
140561;hydraulic 13a ut
104049;hydraulic 13a ut
119414;hydraulic 13a ut
122272;hydraulic 13a ut
124774;hydraulic 13a ut
125718;hydraulic 13a ut
127540;hydraulic 13a ut
129972;hydraulic 13a ut
130363;hydraulic 13a ut
137198;hydraulic 13a ut
120564;hydraulic 13a ut
123560;hydraulic 13a ut
123561;hydraulic 13a ut
123562;hydraulic 13a ut
123980;hydraulic 13a ut
130613;hydraulic 13a ut
131920;hydraulic 13a ut
133458;hydraulic 13a ut
100421;hydraulic 13a ut
101957;hydraulic 13a ut
103661;hydraulic 13a ut
106703;hydraulic 13a ut
127809;hydraulic 13a ut
127810;hydraulic 13a ut
132878;hydraulic 13a ut
127791;hydraulic 13a ut
127809;hydraulic 13a ut
127810;hydraulic 13a ut
102498;hydraulic 13a ut
104049;hydraulic 13a ut
104222;hydraulic 13a ut
120694;hydraulic 13a ut
127752;hydraulic 13a ut
135422;hydraulic 13a ut
107944;hydraulic 13a ut
118563;hydraulic 13a ut
120257;hydraulic 13a ut
120509;hydraulic 13a ut
121464;hydraulic 13a ut
121490;hydraulic 13a ut
126303;hydraulic 13a ut
126305;hydraulic 13a ut
126306;hydraulic 13a ut
128749;hydraulic 13a ut
133555;hydraulic 13a ut
107944;hydraulic 13a ut
120257;hydraulic 13a ut
120509;hydraulic 13a ut
120698;hydraulic 13a ut
120889;hydraulic 13a ut
120930;hydraulic 13a ut
120931;hydraulic 13a ut
121464;hydraulic 13a ut
121490;hydraulic 13a ut
121536;hydraulic 13a ut
132067;hydraulic 13a ut
102744;chassis assy ctm 230v
104012;chassis assy ctm 230v
104049;chassis assy ctm 230v
104049;chassis assy ctm 230v
104049;chassis assy ctm 230v
104837;chassis assy ctm 230v
106516;chassis assy ctm 230v
108191;chassis assy ctm 230v
108340;chassis assy ctm 230v
115918;chassis assy ctm 230v
116415;chassis assy ctm 230v
121464;chassis assy ctm 230v
121464;chassis assy ctm 230v
122636;chassis assy ctm 230v
122853;chassis assy ctm 230v
122913;chassis assy ctm 230v
125431;chassis assy ctm 230v
125660;chassis assy ctm 230v
125690;chassis assy ctm 230v
125725;chassis assy ctm 230v
125770;chassis assy ctm 230v
126332;chassis assy ctm 230v
128399;chassis assy ctm 230v
129341;chassis assy ctm 230v
129708;chassis assy ctm 230v
130441;chassis assy ctm 230v
130871;chassis assy ctm 230v
130893;chassis assy ctm 230v
130897;chassis assy ctm 230v
131073;chassis assy ctm 230v
131519;chassis assy ctm 230v
131547;chassis assy ctm 230v
132019;chassis assy ctm 230v
132282;chassis assy ctm 230v
133062;chassis assy ctm 230v
133105;chassis assy ctm 230v
133423;chassis assy ctm 230v
133424;chassis assy ctm 230v
133425;chassis assy ctm 230v
133426;chassis assy ctm 230v
133427;chassis assy ctm 230v
133429;chassis assy ctm 230v
134986;chassis assy ctm 230v
137808;chassis assy ctm 230v
140800;chassis assy ctm 230v
101456;chassis assy ctm 230v
106753;chassis assy ctm 230v
108359;chassis assy ctm 230v
104049;chassis assy ctm 230v
126398;chassis assy ctm 230v
131518;chassis assy ctm 230v
120791;chassis assy ctm 230v
120792;chassis assy ctm 230v
127032;chassis assy ctm 230v
127784;chassis assy ctm 230v
127799;chassis assy ctm 230v
101044;chassis assy ctm 230v
106242;chassis assy ctm 230v
108389;chassis assy ctm 230v
115704;chassis assy ctm 230v
125446;chassis assy ctm 230v
125653;chassis assy ctm 230v
125659;chassis assy ctm 230v
125867;chassis assy ctm 230v
129071;chassis assy ctm 230v
102744;chassis assy ctm 400v
104012;chassis assy ctm 400v
104049;chassis assy ctm 400v
104049;chassis assy ctm 400v
104049;chassis assy ctm 400v
104837;chassis assy ctm 400v
106516;chassis assy ctm 400v
108191;chassis assy ctm 400v
108340;chassis assy ctm 400v
115918;chassis assy ctm 400v
116415;chassis assy ctm 400v
121464;chassis assy ctm 400v
121464;chassis assy ctm 400v
122636;chassis assy ctm 400v
122853;chassis assy ctm 400v
122913;chassis assy ctm 400v
125431;chassis assy ctm 400v
125660;chassis assy ctm 400v
125690;chassis assy ctm 400v
125725;chassis assy ctm 400v
125770;chassis assy ctm 400v
126332;chassis assy ctm 400v
128399;chassis assy ctm 400v
129341;chassis assy ctm 400v
129708;chassis assy ctm 400v
130441;chassis assy ctm 400v
130871;chassis assy ctm 400v
130893;chassis assy ctm 400v
130897;chassis assy ctm 400v
131073;chassis assy ctm 400v
131519;chassis assy ctm 400v
131545;chassis assy ctm 400v
132019;chassis assy ctm 400v
132282;chassis assy ctm 400v
133062;chassis assy ctm 400v
133105;chassis assy ctm 400v
133423;chassis assy ctm 400v
133424;chassis assy ctm 400v
133425;chassis assy ctm 400v
133426;chassis assy ctm 400v
133427;chassis assy ctm 400v
133429;chassis assy ctm 400v
134986;chassis assy ctm 400v
137808;chassis assy ctm 400v
140800;chassis assy ctm 400v
101456;chassis assy ctm 400v
106753;chassis assy ctm 400v
108359;chassis assy ctm 400v
132577;chassis assy ctm 400v
134044;chassis assy ctm 400v
104049;chassis assy ctm 400v
126398;chassis assy ctm 400v
131518;chassis assy ctm 400v
120791;chassis assy ctm 400v
120792;chassis assy ctm 400v
127032;chassis assy ctm 400v
127784;chassis assy ctm 400v
127799;chassis assy ctm 400v
106242;chassis assy ctm 400v
108389;chassis assy ctm 400v
115704;chassis assy ctm 400v
125446;chassis assy ctm 400v
125653;chassis assy ctm 400v
125659;chassis assy ctm 400v
125867;chassis assy ctm 400v
129071;chassis assy ctm 400v
129289;connection cable assort
129290;connection cable assort
131370;connection cable assort
139525;connection cable assort
139592;connection cable assort
140829;connection cable assort
133190;milksuction hose ut assort
133191;milksuction hose ut assort
134664;milksuction hose ut assort
136682;milksuction hose ut assort
139694;milksuction hose ut assort
139800;milksuction hose ut assort
102432;milksuction hose ut assort
106059;milksuction hose ut assort
108187;milksuction hose ut assort
134264;milksuction hose ut assort
134276;milksuction hose ut assort
138522;milksuction hose ut assort
139672;milksuction hose ut assort
139678;milksuction hose ut assort
102432;milksuction hose ut assort
106059;milksuction hose ut assort
108187;milksuction hose ut assort
127605;milksuction hose ut assort
128078;milksuction hose ut assort
128078;milksuction hose ut assort
128083;milksuction hose ut assort
130430;milksuction hose ut assort
133261;milksuction hose ut assort
134264;milksuction hose ut assort
134276;milksuction hose ut assort
102432;milksuction hose ut assort
103238;milksuction hose ut assort
104045;milksuction hose ut assort
106059;milksuction hose ut assort
108187;milksuction hose ut assort
126732;milksuction hose ut assort
127605;milksuction hose ut assort
128078;milksuction hose ut assort
128078;milksuction hose ut assort
128083;milksuction hose ut assort
130430;milksuction hose ut assort
132950;milksuction hose ut assort
133261;milksuction hose ut assort
133675;milksuction hose ut assort
134264;milksuction hose ut assort
134276;milksuction hose ut assort
136219;milksuction hose ut assort
136224;milksuction hose ut assort
138522;milksuction hose ut assort
102432;milksuction hose ut assort
103238;milksuction hose ut assort
106059;milksuction hose ut assort
108187;milksuction hose ut assort
127605;milksuction hose ut assort
128083;milksuction hose ut assort
134264;milksuction hose ut assort
134276;milksuction hose ut assort
134562;milksuction hose ut assort
134563;milksuction hose ut assort
134563;milksuction hose ut assort
134596;milksuction hose ut assort
134665;milksuction hose ut assort
102432;milksuction hose ut assort
103238;milksuction hose ut assort
104045;milksuction hose ut assort
106059;milksuction hose ut assort
108187;milksuction hose ut assort
126732;milksuction hose ut assort
127605;milksuction hose ut assort
128083;milksuction hose ut assort
132950;milksuction hose ut assort
133675;milksuction hose ut assort
134264;milksuction hose ut assort
134276;milksuction hose ut assort
134562;milksuction hose ut assort
134563;milksuction hose ut assort
134596;milksuction hose ut assort
134665;milksuction hose ut assort
136219;milksuction hose ut assort
136257;milksuction hose ut assort
138522;milksuction hose ut assort
141632;waste tank sensor
128943;operating unit assort
132764;operating unit assort
141245;operating unit assort
142093;operating unit assort
103238;operating unit assort
104024;operating unit assort
104034;operating unit assort
105891;operating unit assort
116106;operating unit assort
116106;operating unit assort
127442;operating unit assort
127814;operating unit assort
128968;operating unit assort
128972;operating unit assort
131080;operating unit assort
131555;operating unit assort
131626;operating unit assort
131956;operating unit assort
132981;operating unit assort
134052;operating unit assort
134102;operating unit assort
141979;operating unit assort
103238;operating unit assort
104024;operating unit assort
104034;operating unit assort
105891;operating unit assort
116106;operating unit assort
116106;operating unit assort
127442;operating unit assort
127814;operating unit assort
128972;operating unit assort
131080;operating unit assort
131555;operating unit assort
131626;operating unit assort
131956;operating unit assort
132981;operating unit assort
134052;operating unit assort
134102;operating unit assort
141246;operating unit assort
141825;operating unit assort
141884;operating unit assort
141979;operating unit assort
142093;operating unit assort
131401;refrigerator assort
131405;refrigerator assort
132931;refrigerator assort
137035;refrigerator assort
122459;refrigerator assort
122648;refrigerator assort
132839;refrigerator assort
133121;refrigerator assort
133143;refrigerator assort
138522;refrigerator assort
102432;refrigerator assort
103238;refrigerator assort
104024;refrigerator assort
104024;refrigerator assort
108187;refrigerator assort
108187;refrigerator assort
127111;refrigerator assort
127113;refrigerator assort
127166;refrigerator assort
127605;refrigerator assort
128530;refrigerator assort
128940;refrigerator assort
128942;refrigerator assort
133249;refrigerator assort
133553;refrigerator assort
133554;refrigerator assort
114223;refrigerator assort
127109;refrigerator assort
127110;refrigerator assort
127114;refrigerator assort
127128;refrigerator assort
127129;refrigerator assort
129476;refrigerator assort
131645;refrigerator assort
127166;refrigerator assort
132950;refrigerator assort
133645;refrigerator assort
127148;refrigerator assort
127181;refrigerator assort
129264;refrigerator assort
129264;refrigerator assort
129265;refrigerator assort
129523;refrigerator assort
102432;ctm-rl twintower assy
103238;ctm-rl twintower assy
108187;ctm-rl twintower assy
108187;ctm-rl twintower assy
108187;ctm-rl twintower assy
118145;ctm-rl twintower assy
122853;ctm-rl twintower assy
127166;ctm-rl twintower assy
127180;ctm-rl twintower assy
127605;ctm-rl twintower assy
128530;ctm-rl twintower assy
128942;ctm-rl twintower assy
131269;ctm-rl twintower assy
131698;ctm-rl twintower assy
131699;ctm-rl twintower assy
134622;ctm-rl twintower assy
134624;ctm-rl twintower assy
134666;ctm-rl twintower assy
134667;ctm-rl twintower assy
134668;ctm-rl twintower assy
134669;ctm-rl twintower assy
116166;powder assort
127431;powder assort
127988;powder assort
127990;powder assort
127993;powder assort
130277;powder assort
132881;powder assort
132888;powder assort
133308;powder assort
133714;powder assort
125006;powder assort
127725;powder assort
127923;powder assort
127986;powder assort
129286;powder assort
143362;powder assort
106070;powder assort
125006;powder assort
127923;powder assort
127986;powder assort
129286;powder assort
129401;powder assort
132475;powder assort
143362;powder assort
103238;powder assort
104034;powder assort
104038;powder assort
104049;powder assort
104797;powder assort
104813;powder assort
106515;powder assort
108340;powder assort
108351;powder assort
115836;powder assort
121146;powder assort
124305;powder assort
124748;powder assort
125753;powder assort
126631;powder assort
127684;powder assort
127731;powder assort
127797;powder assort
127801;powder assort
127932;powder assort
128317;powder assort
128511;powder assort
128635;powder assort
128953;powder assort
129589;powder assort
129628;powder assort
129932;powder assort
129941;powder assort
129950;powder assort
130047;powder assort
130320;powder assort
130335;powder assort
131816;powder assort
131817;powder assort
104049;powder assort
116166;powder assort
130277;powder assort
132277;powder assort
132278;powder assort
132279;powder assort
132281;powder assort
132283;powder assort
104049;powder assort
116166;powder assort
130277;powder assort
132277;powder assort
132278;powder assort
132279;powder assort
132280;powder assort
132283;powder assort
101456;powder assort
104030;powder assort
104049;powder assort
108359;powder assort
109557;powder assort
116470;powder assort
120694;powder assort
121464;powder assort
122459;powder assort
129627;powder assort
129642;powder assort
129991;powder assort
130094;powder assort
130493;powder assort
130957;powder assort
133920;powder assort
133921;powder assort
133922;powder assort
100728;ctmplus assy
104034;ctmplus assy
137525;ctmplus assy
137837;ctmplus assy
138621;ctmplus assy
139016;ctmplus assy
140043;ctmplus assy
104028;ctmplus assy
104034;ctmplus assy
104037;ctmplus assy
116166;ctmplus assy
128022;ctmplus assy
137782;ctmplus assy
138710;ctmplus assy
138958;ctmplus assy
139403;ctmplus assy
139405;ctmplus assy
139406;ctmplus assy
139407;ctmplus assy
139548;ctmplus assy
139983;ctmplus assy
140295;ctmplus assy
101456;ctmplus assy
104049;ctmplus assy
108359;ctmplus assy
122459;ctmplus assy
126732;ctmplus assy
128635;ctmplus assy
129642;ctmplus assy
129991;ctmplus assy
132950;ctmplus assy
134086;ctmplus assy
137016;ctmplus assy
137836;ctmplus assy
137838;ctmplus assy
139500;ctmplus assy
139534;ctmplus assy
127791;ctmplus assy
127809;ctmplus assy
127810;ctmplus assy
128701;flavour assort
129642;flavour assort
100727;flavour assort
104049;flavour assort
106753;flavour assort
116166;flavour assort
127122;flavour assort
128676;flavour assort
128685;flavour assort
128686;flavour assort
128696;flavour assort
128700;flavour assort
128701;flavour assort
129685;flavour assort
129873;flavour assort
129912;flavour assort
130076;flavour assort
130775;flavour assort
101456;flavour assort
108340;flavour assort
108359;flavour assort
115836;flavour assort
122459;flavour assort
126959;flavour assort
129102;flavour assort
129991;flavour assort
130089;flavour assort
103238;flavour assort
103238;flavour assort
103238;flavour assort
103238;flavour assort
103238;flavour assort
103238;flavour assort
103238;flavour assort
103238;flavour assort
104049;flavour assort
122015;flavour assort
122015;flavour assort
122015;flavour assort
122015;flavour assort
122630;flavour assort
122630;flavour assort
122630;flavour assort
122630;flavour assort
122697;flavour assort
122697;flavour assort
122697;flavour assort
122697;flavour assort
122853;flavour assort
125138;flavour assort
125489;flavour assort
128674;flavour assort
129101;flavour assort
130114;flavour assort
130336;flavour assort
130337;flavour assort
130338;flavour assort
130338;flavour assort
130339;flavour assort
130340;flavour assort
130341;flavour assort
130342;flavour assort
130343;flavour assort
130343;flavour assort
130343;flavour assort
130343;flavour assort
130354;flavour assort
130356;flavour assort
130357;flavour assort
130358;flavour assort
132380;flavour assort
132382;flavour assort
132383;flavour assort
132394;flavour assort
132395;flavour assort
132396;flavour assort
132397;flavour assort
132398;flavour assort
139058;flavour assort
129004;beanhopper
106070;beanhopper lock
132475;beanhopper lock
133722;beanhopper lock
104034;manual outlet assort
104049;manual outlet assort
104049;manual outlet assort
104792;manual outlet assort
121464;manual outlet assort
126198;manual outlet assort
126257;manual outlet assort
127904;manual outlet assort
127907;manual outlet assort
131903;manual outlet assort
131913;manual outlet assort
132320;manual outlet assort
132350;manual outlet assort
132374;manual outlet assort
133058;manual outlet assort
133059;manual outlet assort
133071;manual outlet assort
133229;manual outlet assort
141174;manual outlet assort
143629;manual outlet assort
143630;manual outlet assort
104037;manual outlet assort
104049;manual outlet assort
104049;manual outlet assort
112452;manual outlet assort
120360;manual outlet assort
127351;manual outlet assort
127902;manual outlet assort
121464;manual outlet assort
127698;manual outlet assort
128657;manual outlet assort
132325;manual outlet assort
132328;manual outlet assort
121464;manual outlet assort
127698;manual outlet assort
128657;manual outlet assort
132325;manual outlet assort
132328;manual outlet assort
132329;manual outlet assort
121464;manual outlet assort
127698;manual outlet assort
127906;manual outlet assort
132325;manual outlet assort
132328;manual outlet assort
132329;manual outlet assort
132379;manual outlet assort
103238;manual outlet assort
104037;manual outlet assort
121464;manual outlet assort
127698;manual outlet assort
128226;manual outlet assort
129360;manual outlet assort
130489;manual outlet assort
132325;manual outlet assort
132328;manual outlet assort
132329;manual outlet assort
132354;manual outlet assort
103238;manual outlet assort
104037;manual outlet assort
121464;manual outlet assort
127698;manual outlet assort
128226;manual outlet assort
129754;manual outlet assort
130489;manual outlet assort
132325;manual outlet assort
132328;manual outlet assort
132329;manual outlet assort
132354;manual outlet assort
132379;manual outlet assort
103238;automatic outlet assort
104034;automatic outlet assort
104049;automatic outlet assort
104049;automatic outlet assort
104792;automatic outlet assort
121464;automatic outlet assort
122913;automatic outlet assort
126198;automatic outlet assort
126257;automatic outlet assort
127904;automatic outlet assort
127907;automatic outlet assort
131776;automatic outlet assort
131902;automatic outlet assort
131914;automatic outlet assort
131915;automatic outlet assort
131918;automatic outlet assort
131927;automatic outlet assort
132320;automatic outlet assort
132350;automatic outlet assort
132374;automatic outlet assort
133229;automatic outlet assort
141174;automatic outlet assort
143630;automatic outlet assort
143805;automatic outlet assort
121464;automatic outlet assort
127698;automatic outlet assort
128657;automatic outlet assort
132325;automatic outlet assort
132328;automatic outlet assort
121464;automatic outlet assort
127698;automatic outlet assort
128657;automatic outlet assort
132325;automatic outlet assort
132328;automatic outlet assort
132329;automatic outlet assort
121464;automatic outlet assort
127698;automatic outlet assort
127906;automatic outlet assort
132325;automatic outlet assort
132328;automatic outlet assort
132329;automatic outlet assort
132379;automatic outlet assort
103238;automatic outlet assort
104037;automatic outlet assort
121464;automatic outlet assort
127698;automatic outlet assort
128226;automatic outlet assort
129360;automatic outlet assort
130489;automatic outlet assort
132325;automatic outlet assort
132328;automatic outlet assort
132329;automatic outlet assort
132354;automatic outlet assort
103238;automatic outlet assort
104037;automatic outlet assort
121464;automatic outlet assort
127698;automatic outlet assort
128226;automatic outlet assort
129754;automatic outlet assort
130489;automatic outlet assort
132325;automatic outlet assort
132328;automatic outlet assort
132329;automatic outlet assort
132354;automatic outlet assort
132379;automatic outlet assort
104034;automatic outlet assort
104049;automatic outlet assort
104049;automatic outlet assort
131633;automatic outlet assort
131928;automatic outlet assort
131978;automatic outlet assort
133160;automatic outlet assort
103238;ctmplus outlet assort
103239;ctmplus outlet assort
104049;ctmplus outlet assort
104049;ctmplus outlet assort
104792;ctmplus outlet assort
122913;ctmplus outlet assort
126198;ctmplus outlet assort
126257;ctmplus outlet assort
126753;ctmplus outlet assort
127904;ctmplus outlet assort
131776;ctmplus outlet assort
137829;ctmplus outlet assort
137830;ctmplus outlet assort
137839;ctmplus outlet assort
137840;ctmplus outlet assort
138159;ctmplus outlet assort
138660;ctmplus outlet assort
138837;ctmplus outlet assort
138838;ctmplus outlet assort
141174;ctmplus outlet assort
104037;ctmplus outlet assort
104049;ctmplus outlet assort
104049;ctmplus outlet assort
112452;ctmplus outlet assort
120360;ctmplus outlet assort
126732;ctmplus outlet assort
127351;ctmplus outlet assort
127902;ctmplus outlet assort
104034;ctmplus outlet assort
104049;ctmplus outlet assort
104049;ctmplus outlet assort
126732;ctmplus outlet assort
131633;ctmplus outlet assort
131928;ctmplus outlet assort
131978;ctmplus outlet assort
133160;ctmplus outlet assort
121464;ctmplus outlet assort
127698;ctmplus outlet assort
128657;ctmplus outlet assort
132325;ctmplus outlet assort
138664;ctmplus outlet assort
138668;ctmplus outlet assort
127791;ctmplus outlet assort
127809;ctmplus outlet assort
127810;ctmplus outlet assort
103238;cup detect outlet assort
104034;cup detect outlet assort
104049;cup detect outlet assort
104049;cup detect outlet assort
104792;cup detect outlet assort
121464;cup detect outlet assort
122913;cup detect outlet assort
126198;cup detect outlet assort
127254;cup detect outlet assort
127904;cup detect outlet assort
127907;cup detect outlet assort
131776;cup detect outlet assort
132320;cup detect outlet assort
132350;cup detect outlet assort
132374;cup detect outlet assort
133229;cup detect outlet assort
141088;cup detect outlet assort
141089;cup detect outlet assort
141174;cup detect outlet assort
141177;cup detect outlet assort
141904;cup detect outlet assort
142692;cup detect outlet assort
142696;cup detect outlet assort
142697;cup detect outlet assort
143630;cup detect outlet assort
144458;cup detect outlet assort
104034;cup detect outlet assort
104049;cup detect outlet assort
104049;cup detect outlet assort
131633;cup detect outlet assort
131928;cup detect outlet assort
131978;cup detect outlet assort
133160;cup detect outlet assort
121464;cup detect outlet assort
127698;cup detect outlet assort
128657;cup detect outlet assort
132325;cup detect outlet assort
132328;cup detect outlet assort
121464;cup detect outlet assort
127698;cup detect outlet assort
128657;cup detect outlet assort
132325;cup detect outlet assort
132328;cup detect outlet assort
132329;cup detect outlet assort
121464;cup detect outlet assort
127698;cup detect outlet assort
127906;cup detect outlet assort
132325;cup detect outlet assort
132328;cup detect outlet assort
132329;cup detect outlet assort
132379;cup detect outlet assort
103238;cup detect outlet assort
104037;cup detect outlet assort
121464;cup detect outlet assort
127698;cup detect outlet assort
128226;cup detect outlet assort
129360;cup detect outlet assort
130489;cup detect outlet assort
132325;cup detect outlet assort
132328;cup detect outlet assort
132329;cup detect outlet assort
132354;cup detect outlet assort
103238;cup detect outlet assort
104037;cup detect outlet assort
121464;cup detect outlet assort
127698;cup detect outlet assort
128226;cup detect outlet assort
129754;cup detect outlet assort
130489;cup detect outlet assort
132325;cup detect outlet assort
132328;cup detect outlet assort
132329;cup detect outlet assort
132354;cup detect outlet assort
132379;cup detect outlet assort
102622;frame leg assort
117414;frame leg assort
126357;frame leg assort
126359;frame leg assort
105694;grounds drawer assort
105694;grounds drawer assort
105694;grounds drawer assort
105694;grounds drawer assort
106070;grounds drawer assort
106070;grounds drawer assort
108328;grounds drawer assort
108328;grounds drawer assort
128997;grounds drawer assort
132291;grounds drawer assort
132291;grounds drawer assort
134575;grounds drawer assort
134575;grounds drawer assort
134578;grounds drawer assort
134579;grounds drawer assort
134580;grounds drawer assort
134581;grounds drawer assort
134582;grounds drawer assort
134582;grounds drawer assort
134959;grounds drawer assort
134966;grounds drawer assort
136962;grounds drawer assort
136963;grounds drawer assort
136964;grounds drawer assort
136965;grounds drawer assort
137011;grounds drawer assort
137012;grounds drawer assort
137013;grounds drawer assort
137014;grounds drawer assort
143457;grounds drawer assort
143457;grounds drawer assort
143458;grounds drawer assort
143458;grounds drawer assort
131143;drip tray assort
131400;drip tray assort
131566;drip tray assort
131399;drip tray assort
140890;drip tray assort
131567;drip tray assort
131749;drip tray assort
140902;drip tray assort
131567;drip tray assort
131752;drip tray assort
140889;drip tray assort
128995;cover sheet assort
129493;cover sheet assort
131396;cover sheet assort
131754;cover sheet assort
131756;cover sheet assort
131814;cover sheet assort
134026;cover sheet assort
134035;cover sheet assort
137706;cover sheet assort
104049;cover sheet assort
128980;cover sheet assort
128983;cover sheet assort
131394;cover sheet assort
131395;cover sheet assort
131642;cover sheet assort
131758;cover sheet assort
137704;cover sheet assort
127561;cover sheet assort
128980;cover sheet assort
128983;cover sheet assort
132742;cover sheet assort
104049;cover sheet assort
128980;cover sheet assort
128983;cover sheet assort
131394;cover sheet assort
131395;cover sheet assort
131642;cover sheet assort
131826;cover sheet assort
128980;cover sheet assort
128983;cover sheet assort
132743;cover sheet assort
133148;cover sheet assort
104049;cover sheet assort
128980;cover sheet assort
128983;cover sheet assort
131395;cover sheet assort
131642;cover sheet assort
131758;cover sheet assort
131781;cover sheet assort
128680;cover sheet assort
128980;cover sheet assort
128983;cover sheet assort
132058;cover sheet assort
132742;cover sheet assort
104049;cover sheet assort
128680;cover sheet assort
128980;cover sheet assort
128983;cover sheet assort
131394;cover sheet assort
131395;cover sheet assort
131642;cover sheet assort
134024;cover sheet assort
128680;cover sheet assort
128980;cover sheet assort
128983;cover sheet assort
132743;cover sheet assort
134036;cover sheet assort
104049;cover sheet assort
128680;cover sheet assort
128980;cover sheet assort
128983;cover sheet assort
131395;cover sheet assort
131642;cover sheet assort
131757;cover sheet assort
131781;cover sheet assort
106729;payment interface
106729;payment interface
131144;payment interface
131144;payment interface
131794;payment interface
131945;payment interface
132148;payment interface
138150;payment interface
103239;payment interface
104015;payment interface
106729;payment interface
118004;payment interface
120567;payment interface
136680;payment interface
138151;payment interface
138153;payment interface
138627;payment interface
138669;payment interface
138817;payment interface
138818;payment interface
138865;payment interface
139505;payment interface
140636;payment interface
141098;payment interface
141550;payment interface
141571;payment interface
142250;payment interface
143411;payment interface
135872;thermoplanconnect
