article_no,module_type
101932,hyd. module (TCC)
103164,hyd. module (TCC)
104792,hyd. module (TCC)
116306,hyd. module (TCC)
120364,hyd. module (TCC)
100427,hyd. module (TCC)
101280,hyd. module (TCC)
101603,hyd. module (TCC)
102041,hyd. module (TCC)
103653,hyd. module (TCC)
103660,hyd. module (TCC)
104174,hyd. module (TCC)
104333,hyd. module (TCC)
104779,hyd. module (TCC)
104789,hyd. module (TCC)
104805,hyd. module (TCC)
104816,hyd. module (TCC)
104887,hyd. module (TCC)
105344,hyd. module (TCC)
106704,hyd. module (TCC)
115934,hyd. module (TCC)
118522,hyd. module (TCC)
119407,hyd. module (TCC)
119414,hyd. module (TCC)
119415,hyd. module (TCC)
119591,hyd. module (TCC)
119594,hyd. module (TCC)
121949,hyd. module (TCC)
122559,hyd. module (TCC)
100430,hyd. module (TCC)
103654,hyd. module (TCC)
106370,hyd. module (TCC)
111895,hyd. module (TCC)
120337,hyd. module (TCC)
121409,hyd. module (TCC)
131232,hyd. module (TCC)
103163,hyd. module (TCC)
108200,hyd. module (TCC)
120335,hyd. module (TCC)
104038,hyd. module (TCC)
105086,hyd. module (TCC)
107875,hyd. module (TCC)
116422,hyd. module (TCC)
116723,hyd. module (TCC)
117591,hyd. module (TCC)
120701,hyd. module (TCC)
121950,hyd. module (TCC)
122582,hyd. module (TCC)
101957,hyd. module (tcc)
103657,hyd. module (tcc)
103658,hyd. module (tcc)
103661,hyd. module (tcc)
104795,hyd. module (tcc)
104797,hyd. module (tcc)
104849,hyd. module (tcc)
104950,hyd. module (tcc)
104951,hyd. module (tcc)
106256,hyd. module (tcc)
106263,hyd. module (tcc)
106703,hyd. module (tcc)
106759,hyd. module (tcc)
115906,hyd. module (tcc)
115907,hyd. module (tcc)
115915,hyd. module (tcc)
116477,hyd. module (tcc)
100610,hyd. module (tcc)
101369,hyd. module (tcc)
102818,hyd. module (tcc)
103236,hyd. module (tcc)
104645,hyd. module (tcc)
104775,hyd. module (tcc)
104817,hyd. module (tcc)
104819,hyd. module (tcc)
104886,hyd. module (tcc)
105883,hyd. module (tcc)
106226,hyd. module (tcc)
106930,hyd. module (tcc)
107286,hyd. module (tcc)
116819,hyd. module (tcc)
117112,hyd. module (tcc)
117583,hyd. module (tcc)
117585,hyd. module (tcc)
117586,hyd. module (tcc)
117589,hyd. module (tcc)
119418,hyd. module (tcc)
119779,hyd. module (tcc)
122373,hyd. module (tcc)
124209,hyd. module (tcc)
124210,hyd. module (tcc)
102446,hyd. module (tcc)
104222,hyd. module (tcc)
116695,hyd. module (tcc)
101602,hyd. module (tcc)
102055,hyd. module (tcc)
102452,hyd. module (tcc)
104900,hyd. module (tcc)
104913,hyd. module (tcc)
105059,hyd. module (tcc)
105069,hyd. module (tcc)
105924,hyd. module (tcc)
115953,hyd. module (tcc)
108616,hyd. module (tcc)
108793,hyd. module (tcc)
109574,hyd. module (tcc)
110220,hyd. module (tcc)
112002,hyd. module (tcc)
104041,hyd. module (tcc)
122345,hyd. module (tcc)
108206,hyd. module (tcc)
104014,hyd. module (tcc)
104793,hyd. module (tcc)
105904,hyd. module (tcc)
106549,hyd. module (tcc)
108394,hyd. module (tcc)
116390,hyd. module (tcc)
116402,hyd. module (tcc)
117236,hyd. module (tcc)
117469,hyd. module (tcc)
117473,hyd. module (tcc)
117474,hyd. module (tcc)
117477,hyd. module (tcc)
117662,hyd. module (tcc)
118413,hyd. module (tcc)
118428,hyd. module (tcc)
100562,hyd. module (tcc)
100982,hyd. module (tcc)
101930,hyd. module (tcc)
103238,hyd. module (tcc)
104117,hyd. module (tcc)
105894,hyd. module (tcc)
106059,hyd. module (tcc)
106518,hyd. module (tcc)
106763,hyd. module (tcc)
107603,hyd. module (tcc)
115398,hyd. module (tcc)
116823,hyd. module (tcc)
117439,hyd. module (tcc)
117471,hyd. module (tcc)
117475,hyd. module (tcc)
117478,hyd. module (tcc)
117493,hyd. module (tcc)
117612,hyd. module (tcc)
118051,hyd. module (tcc)
118181,hyd. module (tcc)
118422,hyd. module (tcc)
118430,hyd. module (tcc)
121179,hyd. module (tcc)
122557,hyd. module (tcc)
124097,hyd. module (tcc)
126995,hyd. module (tcc)
127254,hyd. module (tcc)
132098,hyd. module (tcc)
101932,hyd. module (tcc)
103164,hyd. module (tcc)
104792,hyd. module (tcc)
116306,hyd. module (tcc)
120364,hyd. module (tcc)
100427,hyd. module (tcc)
101280,hyd. module (tcc)
101603,hyd. module (tcc)
102041,hyd. module (tcc)
103653,hyd. module (tcc)
103660,hyd. module (tcc)
104174,hyd. module (tcc)
104333,hyd. module (tcc)
104779,hyd. module (tcc)
104789,hyd. module (tcc)
104805,hyd. module (tcc)
104816,hyd. module (tcc)
104887,hyd. module (tcc)
105344,hyd. module (tcc)
106704,hyd. module (tcc)
115934,hyd. module (tcc)
118522,hyd. module (tcc)
119407,hyd. module (tcc)
119414,hyd. module (tcc)
119415,hyd. module (tcc)
119591,hyd. module (tcc)
119594,hyd. module (tcc)
121949,hyd. module (tcc)
122559,hyd. module (tcc)
100430,hyd. module (tcc)
103654,hyd. module (tcc)
106370,hyd. module (tcc)
111895,hyd. module (tcc)
120337,hyd. module (tcc)
121409,hyd. module (tcc)
131232,hyd. module (tcc)
103163,hyd. module (tcc)
108200,hyd. module (tcc)
120335,hyd. module (tcc)
104038,hyd. module (CBTM)
105086,hyd. module (CBTM)
107875,hyd. module (CBTM)
116422,hyd. module (CBTM)
116723,hyd. module (CBTM)
117591,hyd. module (CBTM)
120701,hyd. module (CBTM)
121950,hyd. module (CBTM)
122582,hyd. module (CBTM)
101957,hyd. module (cbtm)
103657,hyd. module (cbtm)
103658,hyd. module (cbtm)
103661,hyd. module (cbtm)
104795,hyd. module (cbtm)
104797,hyd. module (cbtm)
104849,hyd. module (cbtm)
104950,hyd. module (cbtm)
104951,hyd. module (cbtm)
106256,hyd. module (cbtm)
106263,hyd. module (cbtm)
106703,hyd. module (cbtm)
106759,hyd. module (cbtm)
115906,hyd. module (cbtm)
115907,hyd. module (cbtm)
115915,hyd. module (cbtm)
116477,hyd. module (cbtm)
100610,hyd. module (cbtm)
101369,hyd. module (cbtm)
101383,hyd. module (cbtm)
103236,hyd. module (cbtm)
104015,hyd. module (cbtm)
104645,hyd. module (cbtm)
104775,hyd. module (cbtm)
104817,hyd. module (cbtm)
104819,hyd. module (cbtm)
104886,hyd. module (cbtm)
105883,hyd. module (cbtm)
106226,hyd. module (cbtm)
106930,hyd. module (cbtm)
107286,hyd. module (cbtm)
116819,hyd. module (cbtm)
117112,hyd. module (cbtm)
117583,hyd. module (cbtm)
117585,hyd. module (cbtm)
117589,hyd. module (cbtm)
119059,hyd. module (cbtm)
119060,hyd. module (cbtm)
119065,hyd. module (cbtm)
119221,hyd. module (cbtm)
119222,hyd. module (cbtm)
119418,hyd. module (cbtm)
119708,hyd. module (cbtm)
119779,hyd. module (cbtm)
122373,hyd. module (cbtm)
102446,hyd. module (cbtm)
104222,hyd. module (cbtm)
116695,hyd. module (cbtm)
101602,hyd. module (cbtm)
102055,hyd. module (cbtm)
102452,hyd. module (cbtm)
104900,hyd. module (cbtm)
104913,hyd. module (cbtm)
105059,hyd. module (cbtm)
105069,hyd. module (cbtm)
105924,hyd. module (cbtm)
115953,hyd. module (cbtm)
108616,hyd. module (cbtm)
108793,hyd. module (cbtm)
109574,hyd. module (cbtm)
110220,hyd. module (cbtm)
112002,hyd. module (cbtm)
104041,hyd. module (cbtm)
122345,hyd. module (cbtm)
108206,hyd. module (cbtm)
104014,hyd. module (cbtm)
104793,hyd. module (cbtm)
105904,hyd. module (cbtm)
106549,hyd. module (cbtm)
108394,hyd. module (cbtm)
116390,hyd. module (cbtm)
116402,hyd. module (cbtm)
117236,hyd. module (cbtm)
117469,hyd. module (cbtm)
117473,hyd. module (cbtm)
117474,hyd. module (cbtm)
117477,hyd. module (cbtm)
117662,hyd. module (cbtm)
118413,hyd. module (cbtm)
118428,hyd. module (cbtm)
100562,hyd. module (cbtm)
100982,hyd. module (cbtm)
101930,hyd. module (cbtm)
103238,hyd. module (cbtm)
104117,hyd. module (cbtm)
105894,hyd. module (cbtm)
106059,hyd. module (cbtm)
106518,hyd. module (cbtm)
106763,hyd. module (cbtm)
107603,hyd. module (cbtm)
115398,hyd. module (cbtm)
117439,hyd. module (cbtm)
117471,hyd. module (cbtm)
117475,hyd. module (cbtm)
117493,hyd. module (cbtm)
117612,hyd. module (cbtm)
118051,hyd. module (cbtm)
118181,hyd. module (cbtm)
118422,hyd. module (cbtm)
118430,hyd. module (cbtm)
119057,hyd. module (cbtm)
119058,hyd. module (cbtm)
121179,hyd. module (cbtm)
122557,hyd. module (cbtm)
124097,hyd. module (cbtm)
126995,hyd. module (cbtm)
127254,hyd. module (cbtm)
132098,hyd. module (cbtm)
101932,hyd. module (cbtm)
103164,hyd. module (cbtm)
104792,hyd. module (cbtm)
116306,hyd. module (cbtm)
120364,hyd. module (cbtm)
100427,hyd. module (cbtm)
101280,hyd. module (cbtm)
101572,hyd. module (cbtm)
101603,hyd. module (cbtm)
101872,hyd. module (cbtm)
101873,hyd. module (cbtm)
102041,hyd. module (cbtm)
103653,hyd. module (cbtm)
103660,hyd. module (cbtm)
103696,hyd. module (cbtm)
104174,hyd. module (cbtm)
104333,hyd. module (cbtm)
104779,hyd. module (cbtm)
104783,hyd. module (cbtm)
104789,hyd. module (cbtm)
104805,hyd. module (cbtm)
104810,hyd. module (cbtm)
104816,hyd. module (cbtm)
104887,hyd. module (cbtm)
105344,hyd. module (cbtm)
106704,hyd. module (cbtm)
108053,hyd. module (cbtm)
115934,hyd. module (cbtm)
118522,hyd. module (cbtm)
119407,hyd. module (cbtm)
119414,hyd. module (cbtm)
119415,hyd. module (cbtm)
119591,hyd. module (cbtm)
119594,hyd. module (cbtm)
122578,hyd. module (cbtm)
100430,hyd. module (cbtm)
103654,hyd. module (cbtm)
106370,hyd. module (cbtm)
111895,hyd. module (cbtm)
120337,hyd. module (cbtm)
121409,hyd. module (cbtm)
131232,hyd. module (cbtm)
103163,hyd. module (cbtm)
108200,hyd. module (cbtm)
120335,hyd. module (cbtm)
118525,hyd. module (CBTM)
122580,hyd. module (CBTM)
101957,hyd. module (2.5kW tcc)
103657,hyd. module (2.5kW tcc)
103658,hyd. module (2.5kW tcc)
103661,hyd. module (2.5kW tcc)
104795,hyd. module (2.5kW tcc)
104797,hyd. module (2.5kW tcc)
104849,hyd. module (2.5kW tcc)
104950,hyd. module (2.5kW tcc)
104951,hyd. module (2.5kW tcc)
106256,hyd. module (2.5kW tcc)
106263,hyd. module (2.5kW tcc)
106703,hyd. module (2.5kW tcc)
106759,hyd. module (2.5kW tcc)
115906,hyd. module (2.5kW tcc)
115907,hyd. module (2.5kW tcc)
115915,hyd. module (2.5kW tcc)
116477,hyd. module (2.5kW tcc)
100610,hyd. module (2.5kW tcc)
101369,hyd. module (2.5kW tcc)
101383,hyd. module (2.5kW tcc)
103236,hyd. module (2.5kW tcc)
104015,hyd. module (2.5kW tcc)
104645,hyd. module (2.5kW tcc)
104775,hyd. module (2.5kW tcc)
104817,hyd. module (2.5kW tcc)
104819,hyd. module (2.5kW tcc)
104886,hyd. module (2.5kW tcc)
105883,hyd. module (2.5kW tcc)
106226,hyd. module (2.5kW tcc)
106930,hyd. module (2.5kW tcc)
107286,hyd. module (2.5kW tcc)
116819,hyd. module (2.5kW tcc)
117112,hyd. module (2.5kW tcc)
117583,hyd. module (2.5kW tcc)
117585,hyd. module (2.5kW tcc)
117589,hyd. module (2.5kW tcc)
119059,hyd. module (2.5kW tcc)
119060,hyd. module (2.5kW tcc)
119065,hyd. module (2.5kW tcc)
119221,hyd. module (2.5kW tcc)
119222,hyd. module (2.5kW tcc)
119418,hyd. module (2.5kW tcc)
119708,hyd. module (2.5kW tcc)
119779,hyd. module (2.5kW tcc)
122373,hyd. module (2.5kW tcc)
102446,hyd. module (2.5kW tcc)
104222,hyd. module (2.5kW tcc)
116695,hyd. module (2.5kW tcc)
101602,hyd. module (2.5kW tcc)
102055,hyd. module (2.5kW tcc)
102452,hyd. module (2.5kW tcc)
104900,hyd. module (2.5kW tcc)
104913,hyd. module (2.5kW tcc)
105059,hyd. module (2.5kW tcc)
105069,hyd. module (2.5kW tcc)
105924,hyd. module (2.5kW tcc)
115953,hyd. module (2.5kW tcc)
108616,hyd. module (2.5kW tcc)
108793,hyd. module (2.5kW tcc)
109574,hyd. module (2.5kW tcc)
110220,hyd. module (2.5kW tcc)
112002,hyd. module (2.5kW tcc)
104041,hyd. module (2.5kW tcc)
122345,hyd. module (2.5kW tcc)
108206,hyd. module (2.5kW tcc)
104014,hyd. module (2.5kW tcc)
104793,hyd. module (2.5kW tcc)
105904,hyd. module (2.5kW tcc)
106549,hyd. module (2.5kW tcc)
108394,hyd. module (2.5kW tcc)
116390,hyd. module (2.5kW tcc)
116402,hyd. module (2.5kW tcc)
117236,hyd. module (2.5kW tcc)
117469,hyd. module (2.5kW tcc)
117473,hyd. module (2.5kW tcc)
117474,hyd. module (2.5kW tcc)
117477,hyd. module (2.5kW tcc)
117662,hyd. module (2.5kW tcc)
118413,hyd. module (2.5kW tcc)
118428,hyd. module (2.5kW tcc)
100562,hyd. module (2.5kW tcc)
100982,hyd. module (2.5kW tcc)
101930,hyd. module (2.5kW tcc)
103238,hyd. module (2.5kW tcc)
104117,hyd. module (2.5kW tcc)
105894,hyd. module (2.5kW tcc)
106059,hyd. module (2.5kW tcc)
106518,hyd. module (2.5kW tcc)
106763,hyd. module (2.5kW tcc)
107603,hyd. module (2.5kW tcc)
115398,hyd. module (2.5kW tcc)
116418,hyd. module (2.5kW tcc)
117439,hyd. module (2.5kW tcc)
117471,hyd. module (2.5kW tcc)
117475,hyd. module (2.5kW tcc)
117493,hyd. module (2.5kW tcc)
117612,hyd. module (2.5kW tcc)
118051,hyd. module (2.5kW tcc)
118181,hyd. module (2.5kW tcc)
118422,hyd. module (2.5kW tcc)
118430,hyd. module (2.5kW tcc)
119057,hyd. module (2.5kW tcc)
119058,hyd. module (2.5kW tcc)
121179,hyd. module (2.5kW tcc)
124097,hyd. module (2.5kW tcc)
126995,hyd. module (2.5kW tcc)
127254,hyd. module (2.5kW tcc)
132098,hyd. module (2.5kW tcc)
101932,hyd. module (2.5kW tcc)
103164,hyd. module (2.5kW tcc)
104792,hyd. module (2.5kW tcc)
116306,hyd. module (2.5kW tcc)
120364,hyd. module (2.5kW tcc)
100427,hyd. module (2.5kW tcc)
101280,hyd. module (2.5kW tcc)
101572,hyd. module (2.5kW tcc)
101603,hyd. module (2.5kW tcc)
101872,hyd. module (2.5kW tcc)
101873,hyd. module (2.5kW tcc)
102041,hyd. module (2.5kW tcc)
103653,hyd. module (2.5kW tcc)
103660,hyd. module (2.5kW tcc)
103696,hyd. module (2.5kW tcc)
104174,hyd. module (2.5kW tcc)
104333,hyd. module (2.5kW tcc)
104779,hyd. module (2.5kW tcc)
104783,hyd. module (2.5kW tcc)
104789,hyd. module (2.5kW tcc)
104805,hyd. module (2.5kW tcc)
104810,hyd. module (2.5kW tcc)
104816,hyd. module (2.5kW tcc)
104887,hyd. module (2.5kW tcc)
105344,hyd. module (2.5kW tcc)
106704,hyd. module (2.5kW tcc)
108053,hyd. module (2.5kW tcc)
115934,hyd. module (2.5kW tcc)
118522,hyd. module (2.5kW tcc)
119407,hyd. module (2.5kW tcc)
119414,hyd. module (2.5kW tcc)
119415,hyd. module (2.5kW tcc)
119591,hyd. module (2.5kW tcc)
119594,hyd. module (2.5kW tcc)
122578,hyd. module (2.5kW tcc)
100430,hyd. module (2.5kW tcc)
103654,hyd. module (2.5kW tcc)
106370,hyd. module (2.5kW tcc)
111895,hyd. module (2.5kW tcc)
120337,hyd. module (2.5kW tcc)
121409,hyd. module (2.5kW tcc)
131232,hyd. module (2.5kW tcc)
103163,hyd. module (2.5kW tcc)
108200,hyd. module (2.5kW tcc)
120335,hyd. module (2.5kW tcc)
104038,hyd. module (2.5kW tcc)
105086,hyd. module (2.5kW tcc)
107875,hyd. module (2.5kW tcc)
116422,hyd. module (2.5kW tcc)
116723,hyd. module (2.5kW tcc)
117591,hyd. module (2.5kW tcc)
118525,hyd. module (2.5kW tcc)
120701,hyd. module (2.5kW tcc)
122580,hyd. module (2.5kW tcc)
101957,hyd. module (3.2kW tcc)
103657,hyd. module (3.2kW tcc)
103658,hyd. module (3.2kW tcc)
103661,hyd. module (3.2kW tcc)
104795,hyd. module (3.2kW tcc)
104797,hyd. module (3.2kW tcc)
104849,hyd. module (3.2kW tcc)
104950,hyd. module (3.2kW tcc)
104951,hyd. module (3.2kW tcc)
106256,hyd. module (3.2kW tcc)
106263,hyd. module (3.2kW tcc)
106703,hyd. module (3.2kW tcc)
106759,hyd. module (3.2kW tcc)
115906,hyd. module (3.2kW tcc)
115907,hyd. module (3.2kW tcc)
115915,hyd. module (3.2kW tcc)
116477,hyd. module (3.2kW tcc)
100610,hyd. module (3.2kW tcc)
101369,hyd. module (3.2kW tcc)
102818,hyd. module (3.2kW tcc)
103236,hyd. module (3.2kW tcc)
104645,hyd. module (3.2kW tcc)
104775,hyd. module (3.2kW tcc)
104817,hyd. module (3.2kW tcc)
104819,hyd. module (3.2kW tcc)
104886,hyd. module (3.2kW tcc)
105883,hyd. module (3.2kW tcc)
106226,hyd. module (3.2kW tcc)
106930,hyd. module (3.2kW tcc)
107286,hyd. module (3.2kW tcc)
116819,hyd. module (3.2kW tcc)
117112,hyd. module (3.2kW tcc)
117583,hyd. module (3.2kW tcc)
117585,hyd. module (3.2kW tcc)
117586,hyd. module (3.2kW tcc)
117589,hyd. module (3.2kW tcc)
119418,hyd. module (3.2kW tcc)
119779,hyd. module (3.2kW tcc)
122373,hyd. module (3.2kW tcc)
124209,hyd. module (3.2kW tcc)
124210,hyd. module (3.2kW tcc)
102446,hyd. module (3.2kW tcc)
104222,hyd. module (3.2kW tcc)
116695,hyd. module (3.2kW tcc)
101602,hyd. module (3.2kW tcc)
102055,hyd. module (3.2kW tcc)
102452,hyd. module (3.2kW tcc)
104900,hyd. module (3.2kW tcc)
104913,hyd. module (3.2kW tcc)
105059,hyd. module (3.2kW tcc)
105069,hyd. module (3.2kW tcc)
105924,hyd. module (3.2kW tcc)
115953,hyd. module (3.2kW tcc)
108616,hyd. module (3.2kW tcc)
108793,hyd. module (3.2kW tcc)
109574,hyd. module (3.2kW tcc)
110220,hyd. module (3.2kW tcc)
112002,hyd. module (3.2kW tcc)
104041,hyd. module (3.2kW tcc)
122345,hyd. module (3.2kW tcc)
108206,hyd. module (3.2kW tcc)
104014,hyd. module (3.2kW tcc)
104793,hyd. module (3.2kW tcc)
105904,hyd. module (3.2kW tcc)
106549,hyd. module (3.2kW tcc)
108394,hyd. module (3.2kW tcc)
116390,hyd. module (3.2kW tcc)
116402,hyd. module (3.2kW tcc)
117236,hyd. module (3.2kW tcc)
117469,hyd. module (3.2kW tcc)
117473,hyd. module (3.2kW tcc)
117474,hyd. module (3.2kW tcc)
117477,hyd. module (3.2kW tcc)
117662,hyd. module (3.2kW tcc)
118413,hyd. module (3.2kW tcc)
118428,hyd. module (3.2kW tcc)
100562,hyd. module (3.2kW tcc)
100982,hyd. module (3.2kW tcc)
101930,hyd. module (3.2kW tcc)
103238,hyd. module (3.2kW tcc)
104117,hyd. module (3.2kW tcc)
105894,hyd. module (3.2kW tcc)
106059,hyd. module (3.2kW tcc)
106518,hyd. module (3.2kW tcc)
106763,hyd. module (3.2kW tcc)
107603,hyd. module (3.2kW tcc)
115398,hyd. module (3.2kW tcc)
116418,hyd. module (3.2kW tcc)
116823,hyd. module (3.2kW tcc)
117439,hyd. module (3.2kW tcc)
117471,hyd. module (3.2kW tcc)
117475,hyd. module (3.2kW tcc)
117478,hyd. module (3.2kW tcc)
117493,hyd. module (3.2kW tcc)
117612,hyd. module (3.2kW tcc)
118051,hyd. module (3.2kW tcc)
118181,hyd. module (3.2kW tcc)
118422,hyd. module (3.2kW tcc)
118430,hyd. module (3.2kW tcc)
121179,hyd. module (3.2kW tcc)
124097,hyd. module (3.2kW tcc)
126995,hyd. module (3.2kW tcc)
127254,hyd. module (3.2kW tcc)
132098,hyd. module (3.2kW tcc)
101884,hyd. module (3.2kW tcc)
103825,hyd. module (3.2kW tcc)
103834,hyd. module (3.2kW tcc)
104360,hyd. module (3.2kW tcc)
104837,hyd. module (3.2kW tcc)
105461,hyd. module (3.2kW tcc)
106558,hyd. module (3.2kW tcc)
116701,hyd. module (3.2kW tcc)
118588,hyd. module (3.2kW tcc)
101969,hyd. module (3.2kW tcc)
102805,hyd. module (3.2kW tcc)
104024,hyd. module (3.2kW tcc)
104945,hyd. module (3.2kW tcc)
106270,hyd. module (3.2kW tcc)
115886,hyd. module (3.2kW tcc)
115888,hyd. module (3.2kW tcc)
115929,hyd. module (3.2kW tcc)
117435,hyd. module (3.2kW tcc)
120722,hyd. module (3.2kW tcc)
100364,hyd. module (3.2kW tcc)
101438,hyd. module (3.2kW tcc)
101490,hyd. module (3.2kW tcc)
102533,hyd. module (3.2kW tcc)
102534,hyd. module (3.2kW tcc)
103871,hyd. module (3.2kW tcc)
103884,hyd. module (3.2kW tcc)
103946,hyd. module (3.2kW tcc)
104773,hyd. module (3.2kW tcc)
105184,hyd. module (3.2kW tcc)
105219,hyd. module (3.2kW tcc)
105221,hyd. module (3.2kW tcc)
105588,hyd. module (3.2kW tcc)
105767,hyd. module (3.2kW tcc)
105919,hyd. module (3.2kW tcc)
106095,hyd. module (3.2kW tcc)
106526,hyd. module (3.2kW tcc)
106552,hyd. module (3.2kW tcc)
106685,hyd. module (3.2kW tcc)
107302,hyd. module (3.2kW tcc)
108240,hyd. module (3.2kW tcc)
108249,hyd. module (3.2kW tcc)
115884,hyd. module (3.2kW tcc)
115885,hyd. module (3.2kW tcc)
101011,hyd. module (3.2kW tcc)
103835,hyd. module (3.2kW tcc)
104484,hyd. module (3.2kW tcc)
104499,hyd. module (3.2kW tcc)
104818,hyd. module (3.2kW tcc)
104947,hyd. module (3.2kW tcc)
106673,hyd. module (3.2kW tcc)
106895,hyd. module (3.2kW tcc)
111883,hyd. module (3.2kW tcc)
115890,hyd. module (3.2kW tcc)
115891,hyd. module (3.2kW tcc)
115892,hyd. module (3.2kW tcc)
116153,hyd. module (3.2kW tcc)
102246,hyd. module (3.2kW tcc)
104031,hyd. module (3.2kW tcc)
104043,hyd. module (3.2kW tcc)
104205,hyd. module (3.2kW tcc)
104206,hyd. module (3.2kW tcc)
104214,hyd. module (3.2kW tcc)
104573,hyd. module (3.2kW tcc)
104884,hyd. module (3.2kW tcc)
105386,hyd. module (3.2kW tcc)
105891,hyd. module (3.2kW tcc)
105903,hyd. module (3.2kW tcc)
106524,hyd. module (3.2kW tcc)
108347,hyd. module (3.2kW tcc)
108366,hyd. module (3.2kW tcc)
115893,hyd. module (3.2kW tcc)
115898,hyd. module (3.2kW tcc)
117629,hyd. module (3.2kW tcc)
117630,hyd. module (3.2kW tcc)
117631,hyd. module (3.2kW tcc)
117632,hyd. module (3.2kW tcc)
101014,hyd. module (cbtm)
102615,hyd. module (cbtm)
104016,hyd. module (cbtm)
104028,hyd. module (cbtm)
104545,hyd. module (cbtm)
104573,hyd. module (cbtm)
104578,hyd. module (cbtm)
104596,hyd. module (cbtm)
105434,hyd. module (cbtm)
106524,hyd. module (cbtm)
106764,hyd. module (cbtm)
106882,hyd. module (cbtm)
108241,hyd. module (cbtm)
115881,hyd. module (cbtm)
115882,hyd. module (cbtm)
116646,hyd. module (cbtm)
117397,hyd. module (cbtm)
117920,hyd. module (cbtm)
118005,hyd. module (cbtm)
118006,hyd. module (cbtm)
101884,hyd. module (cbtm)
103825,hyd. module (cbtm)
103834,hyd. module (cbtm)
104360,hyd. module (cbtm)
104837,hyd. module (cbtm)
105461,hyd. module (cbtm)
106558,hyd. module (cbtm)
116701,hyd. module (cbtm)
118588,hyd. module (cbtm)
101969,hyd. module (cbtm)
102805,hyd. module (cbtm)
104024,hyd. module (cbtm)
104945,hyd. module (cbtm)
106270,hyd. module (cbtm)
115886,hyd. module (cbtm)
115888,hyd. module (cbtm)
115929,hyd. module (cbtm)
117435,hyd. module (cbtm)
120722,hyd. module (cbtm)
100364,hyd. module (cbtm)
101438,hyd. module (cbtm)
101490,hyd. module (cbtm)
102533,hyd. module (cbtm)
102534,hyd. module (cbtm)
103871,hyd. module (cbtm)
103884,hyd. module (cbtm)
103946,hyd. module (cbtm)
104773,hyd. module (cbtm)
105184,hyd. module (cbtm)
105219,hyd. module (cbtm)
105221,hyd. module (cbtm)
105588,hyd. module (cbtm)
105767,hyd. module (cbtm)
105919,hyd. module (cbtm)
106095,hyd. module (cbtm)
106526,hyd. module (cbtm)
106552,hyd. module (cbtm)
106685,hyd. module (cbtm)
107302,hyd. module (cbtm)
108240,hyd. module (cbtm)
108249,hyd. module (cbtm)
115884,hyd. module (cbtm)
115885,hyd. module (cbtm)
101011,hyd. module (cbtm)
103835,hyd. module (cbtm)
104484,hyd. module (cbtm)
104499,hyd. module (cbtm)
104818,hyd. module (cbtm)
104947,hyd. module (cbtm)
106673,hyd. module (cbtm)
106895,hyd. module (cbtm)
111883,hyd. module (cbtm)
115890,hyd. module (cbtm)
115891,hyd. module (cbtm)
115892,hyd. module (cbtm)
116153,hyd. module (cbtm)
102246,hyd. module (cbtm)
104031,hyd. module (cbtm)
104043,hyd. module (cbtm)
104205,hyd. module (cbtm)
104206,hyd. module (cbtm)
104214,hyd. module (cbtm)
104884,hyd. module (cbtm)
105386,hyd. module (cbtm)
105891,hyd. module (cbtm)
105903,hyd. module (cbtm)
108347,hyd. module (cbtm)
108366,hyd. module (cbtm)
115893,hyd. module (cbtm)
115898,hyd. module (cbtm)
117629,hyd. module (cbtm)
117630,hyd. module (cbtm)
117631,hyd. module (cbtm)
117632,hyd. module (cbtm)
100989,hyd. module (cbtm)
104023,hyd. module (cbtm)
108021,hyd. module (cbtm)
108272,hyd. module (cbtm)
101456,hyd. module (3.2kW)
104016,hyd. module (3.2kW)
116209,hyd. module (3.2kW)
117132,hyd. module (3.2kW)
118151,hyd. module (3.2kW)
116470,hyd. module (3.2kW)
123944,hyd. module (3.2kW)
108616,hyd. module (3.2kW)
108793,hyd. module (3.2kW)
109574,hyd. module (3.2kW)
110220,hyd. module (3.2kW)
112002,hyd. module (3.2kW)
102463,hyd. module (3.2kW)
108646,hyd. module (3.2kW)
118928,hyd. module (3.2kW)
100725,hyd. module (3.2kW)
105068,hyd. module (3.2kW)
107944,hyd. module (3.2kW)
100318,hyd. module (3.2kW)
101019,hyd. module (3.2kW)
101890,hyd. module (3.2kW)
101985,hyd. module (3.2kW)
103877,hyd. module (3.2kW)
104775,hyd. module (3.2kW)
105064,hyd. module (3.2kW)
105900,hyd. module (3.2kW)
108050,hyd. module (3.2kW)
108210,hyd. module (3.2kW)
116334,hyd. module (3.2kW)
117238,hyd. module (3.2kW)
117239,hyd. module (3.2kW)
117240,hyd. module (3.2kW)
121523,hyd. module (3.2kW)
121542,hyd. module (3.2kW)
121854,hyd. module (3.2kW)
122283,hyd. module (3.2kW)
122325,hyd. module (3.2kW)
100327,hyd. module (2.5kW)
102622,hyd. module (2.5kW)
102744,hyd. module (2.5kW)
102890,hyd. module (2.5kW)
103259,hyd. module (2.5kW)
104016,hyd. module (2.5kW)
104049,hyd. module (2.5kW)
105522,hyd. module (2.5kW)
105538,hyd. module (2.5kW)
105894,hyd. module (2.5kW)
106393,hyd. module (2.5kW)
106516,hyd. module (2.5kW)
106517,hyd. module (2.5kW)
108191,hyd. module (2.5kW)
108340,hyd. module (2.5kW)
108359,hyd. module (2.5kW)
108629,hyd. module (2.5kW)
108635,hyd. module (2.5kW)
115836,hyd. module (2.5kW)
115917,hyd. module (2.5kW)
116171,hyd. module (2.5kW)
116335,hyd. module (2.5kW)
117412,hyd. module (2.5kW)
117414,hyd. module (2.5kW)
117415,hyd. module (2.5kW)
117416,hyd. module (2.5kW)
117420,hyd. module (2.5kW)
117641,hyd. module (2.5kW)
117859,hyd. module (2.5kW)
118021,hyd. module (2.5kW)
119925,hyd. module (2.5kW)
120429,hyd. module (2.5kW)
120431,hyd. module (2.5kW)
121492,hyd. module (2.5kW)
128065,hyd. module (2.5kW)
104024,hyd. module (2.5kW)
104149,hyd. module (2.5kW)
105523,hyd. module (2.5kW)
106882,hyd. module (2.5kW)
116495,hyd. module (2.5kW)
116818,hyd. module (2.5kW)
117431,hyd. module (2.5kW)
117469,hyd. module (2.5kW)
117520,hyd. module (2.5kW)
117555,hyd. module (2.5kW)
117558,hyd. module (2.5kW)
117952,hyd. module (2.5kW)
117965,hyd. module (2.5kW)
118001,hyd. module (2.5kW)
118007,hyd. module (2.5kW)
118008,hyd. module (2.5kW)
118151,hyd. module (2.5kW)
118668,hyd. module (2.5kW)
119353,hyd. module (2.5kW)
119822,hyd. module (2.5kW)
119831,hyd. module (2.5kW)
101456,mech. module m2
104016,mech. module m2
116209,mech. module m2
117132,mech. module m2
118151,mech. module m2
116470,mech. module m2
123944,mech. module m2
102448,mech. module m2
104841,mech. module m2
105362,mech. module m2
107944,mech. module m2
117759,mech. module m2
117830,mech. module m2
132067,mech. module m2
108616,mech. module m2
108793,mech. module m2
109574,mech. module m2
110220,mech. module m2
112002,mech. module m2
100725,mech. module m2
101383,mech. module m2
102446,mech. module m2
105068,mech. module m2
105607,mech. module m2
115848,mech. module m2
102463,mech. module m1
104016,mech. module m1
108646,mech. module m1
118928,mech. module m1
100318,mech. module m1
101019,mech. module m1
101890,mech. module m1
101985,mech. module m1
103877,mech. module m1
104775,mech. module m1
105064,mech. module m1
105900,mech. module m1
108050,mech. module m1
108210,mech. module m1
116334,mech. module m1
117238,mech. module m1
117239,mech. module m1
117240,mech. module m1
121523,mech. module m1
121542,mech. module m1
121854,mech. module m1
122283,mech. module m1
122325,mech. module m1
100327,mech. module m1
102542,mech. module m1
102622,mech. module m1
102744,mech. module m1
102890,mech. module m1
103259,mech. module m1
104049,mech. module m1
105522,mech. module m1
105538,mech. module m1
105539,mech. module m1
105894,mech. module m1
106393,mech. module m1
106516,mech. module m1
106517,mech. module m1
108191,mech. module m1
108291,mech. module m1
108340,mech. module m1
108359,mech. module m1
108629,mech. module m1
108635,mech. module m1
115836,mech. module m1
115917,mech. module m1
116171,mech. module m1
116335,mech. module m1
116714,mech. module m1
116871,mech. module m1
117412,mech. module m1
117414,mech. module m1
117415,mech. module m1
117416,mech. module m1
117420,mech. module m1
117641,mech. module m1
117859,mech. module m1
118021,mech. module m1
119166,mech. module m1
119925,mech. module m1
120429,mech. module m1
121492,mech. module m1
128065,mech. module m1
104024,mech. module m1
104149,mech. module m1
105557,mech. module m1
106882,mech. module m1
116046,mech. module m1
116495,mech. module m1
116818,mech. module m1
117419,mech. module m1
117469,mech. module m1
117520,mech. module m1
117546,mech. module m1
117547,mech. module m1
117555,mech. module m1
117558,mech. module m1
117565,mech. module m1
117958,mech. module m1
117965,mech. module m1
118001,mech. module m1
118007,mech. module m1
118008,mech. module m1
118668,mech. module m1
119353,mech. module m1
119822,mech. module m1
119831,mech. module m1
101456,mech. module m1
116209,mech. module m1
118151,mech. module m1
122123,mech. module m1
116470,mech. module m1
123944,mech. module m1
108681,hyd. module (2.5kW)
115398,hyd. module (2.5kW)
123575,hyd. module (2.5kW)
108616,frame cb
108793,frame cb
109574,frame cb
110220,frame cb
112002,frame cb
100725,frame cb
105068,frame cb
107944,frame cb
100318,frame cb
101019,frame cb
101890,frame cb
101985,frame cb
103877,frame cb
104016,frame cb
104775,frame cb
105064,frame cb
105900,frame cb
108050,frame cb
108210,frame cb
116334,frame cb
117238,frame cb
117239,frame cb
117240,frame cb
121523,frame cb
121542,frame cb
121854,frame cb
122283,frame cb
122325,frame cb
101456,frame cb
100327,mech. module m2
102542,mech. module m2
102622,mech. module m2
102744,mech. module m2
103259,mech. module m2
104049,mech. module m2
105894,mech. module m2
106393,mech. module m2
106516,mech. module m2
106517,mech. module m2
108291,mech. module m2
108340,mech. module m2
108359,mech. module m2
108629,mech. module m2
115836,mech. module m2
115917,mech. module m2
116171,mech. module m2
116335,mech. module m2
116714,mech. module m2
116871,mech. module m2
117412,mech. module m2
117414,mech. module m2
117415,mech. module m2
117416,mech. module m2
117420,mech. module m2
117641,mech. module m2
117859,mech. module m2
118021,mech. module m2
119166,mech. module m2
119925,mech. module m2
120429,mech. module m2
120431,mech. module m2
121492,mech. module m2
128065,mech. module m2
128750,mech. module m2
102890,frame cb
105522,frame cb
105538,frame cb
105539,frame cb
106516,frame cb
106882,frame cb
108191,frame cb
116046,frame cb
116495,frame cb
117431,frame cb
117469,frame cb
117520,frame cb
117565,frame cb
117952,frame cb
118001,frame cb
118007,frame cb
119934,frame cb
122156,frame cb
122158,frame cb
123250,frame cb
123283,frame cb
123386,frame cb
116209,frame cb
118151,frame cb
122123,frame cb
116470,frame cb
123944,frame cb
108681,frame cb
115398,frame cb
123575,frame cb
102448,frame cb
104841,frame cb
105362,frame cb
117759,frame cb
117830,frame cb
132067,frame cb
101383,frame cb
102446,frame cb
105607,frame cb
115848,frame cb
100327,frame cb
102542,frame cb
102622,frame cb
102744,frame cb
103259,frame cb
104049,frame cb
105894,frame cb
106393,frame cb
106517,frame cb
108291,frame cb
108340,frame cb
108359,frame cb
108629,frame cb
115836,frame cb
115917,frame cb
116171,frame cb
116335,frame cb
116714,frame cb
116871,frame cb
117412,frame cb
117414,frame cb
117415,frame cb
117416,frame cb
117420,frame cb
117641,frame cb
117859,frame cb
118021,frame cb
119166,frame cb
119925,frame cb
120429,frame cb
120431,frame cb
121492,frame cb
128065,frame cb
128750,frame cb
104024,frame cb
105557,frame cb
108635,frame cb
116818,frame cb
117419,frame cb
117546,frame cb
117547,frame cb
117958,frame cb
118008,frame cb
100358,frame cb
100901,frame cb
100915,frame cb
100924,frame cb
100930,frame cb
101312,frame cb
101313,frame cb
101371,frame cb
101881,frame cb
102635,frame cb
102640,frame cb
102873,frame cb
102922,frame cb
103638,frame cb
103684,frame cb
104031,frame cb
105043,frame cb
106069,frame cb
106070,frame cb
106754,frame cb
108302,frame cb
108328,frame cb
108421,frame cb
108607,frame cb
108608,frame cb
117763,frame cb
104050,drip tray
105719,drip tray
116569,drip tray
117480,drip tray
125467,drip tray
104032,ground drawer funnel
105059,ground drawer funnel
106070,ground drawer funnel
106548,ground drawer funnel
111889,ground drawer funnel
117480,ground drawer funnel
118614,ground drawer funnel
118751,ground drawer funnel
118760,ground drawer funnel
104032,ground drawer lockable
105059,ground drawer lockable
116569,ground drawer lockable
117480,ground drawer lockable
118751,ground drawer lockable
100255,ground drawer
102428,ground drawer
102429,ground drawer
102634,ground drawer
102752,ground drawer
102758,ground drawer
102778,ground drawer
102854,ground drawer
104324,ground drawer
104367,ground drawer
104780,ground drawer
104783,ground drawer
104784,ground drawer
104859,ground drawer
104876,ground drawer
104911,ground drawer
105042,ground drawer
105049,ground drawer
105051,ground drawer
105343,ground drawer
105360,ground drawer
106897,ground drawer
107960,ground drawer
108003,ground drawer
108015,ground drawer
108017,ground drawer
108224,ground drawer
108277,ground drawer
108350,ground drawer
108359,ground drawer
108365,ground drawer
108412,ground drawer
108679,ground drawer
115039,ground drawer
116052,ground drawer
116068,ground drawer
117638,ground drawer
118139,ground drawer
118142,ground drawer
102434,front pod ctm
104016,front pod ctm
104049,front pod ctm
104793,front pod ctm
104947,front pod ctm
106237,front pod ctm
106379,front pod ctm
106516,front pod ctm
107226,front pod ctm
107893,front pod ctm
107904,front pod ctm
107984,front pod ctm
108102,front pod ctm
108359,front pod ctm
115859,front pod ctm
115867,front pod ctm
115933,front pod ctm
116519,front pod ctm
116567,front pod ctm
117419,front pod ctm
117661,front pod ctm
118003,front pod ctm
118133,front pod ctm
118138,front pod ctm
118149,front pod ctm
118150,front pod ctm
118164,front pod ctm
118216,front pod ctm
118224,front pod ctm
118439,front pod ctm
118906,front pod ctm
118907,front pod ctm
120431,front pod ctm
102008,front pod ctm
104655,front pod ctm
105311,front pod ctm
107225,front pod ctm
107230,front pod ctm
118861,front pod ctm
120232,front pod ctm
124505,front pod ctm
103238,front pod ctm
104058,front pod ctm
104085,front pod ctm
105295,front pod ctm
106502,front pod ctm
115868,front pod ctm
116355,front pod ctm
116359,front pod ctm
116360,front pod ctm
116507,front pod ctm
116516,front pod ctm
116564,front pod ctm
116593,front pod ctm
117429,front pod ctm
117430,front pod ctm
118493,front pod ctm
104016,clapper board
104028,clapper board
116752,clapper board
116884,clapper board
127163,clapper board
127164,clapper board
104016,front bw3 ctm
104150,front bw3 ctm
106515,front bw3 ctm
116542,front bw3 ctm
116558,front bw3 ctm
116560,front bw3 ctm
116832,front bw3 ctm
117009,front bw3 ctm
117736,front bw3 ctm
117737,front bw3 ctm
120689,front bw3 ctm
125352,front bw3 ctm
104016,frontlift cb
104024,frontlift cb
106180,frontlift cb
106389,frontlift cb
107713,frontlift cb
108630,frontlift cb
116836,frontlift cb
116837,frontlift cb
117516,frontlift cb
117602,frontlift cb
117709,frontlift cb
117710,frontlift cb
117711,frontlift cb
118046,frontlift cb
118047,frontlift cb
125352,frontlift cb
100923,paneling cb
116354,paneling cb
116544,paneling cb
116568,paneling cb
116587,paneling cb
116647,paneling cb
116665,paneling cb
117980,paneling cb
117988,paneling cb
118003,paneling cb
118018,paneling cb
118130,paneling cb
118352,paneling cb
118397,paneling cb
118421,paneling cb
118799,paneling cb
118862,paneling cb
122469,paneling cb
122727,paneling cb
123268,paneling cb
123285,paneling cb
